Date,NewConfirmed,NewCured,NewDeaths,NewConfirmed_3d,NewConfirmed_7d,NewConfirmed_14d,ActiveCases,CFR_pct,RecoveryRate_pct,daily_doses,daily_doses_7d,tot_dose_1,tot_dose_2,total_doses_clean,pct_dose1,pct_dose2,pct_total_doses,covishield,covaxin,eff_immunity_pct,vacc_suppression
2020-01-31,0.0,0.0,0.0,0.0,0.0,0.0,1,0.0,0.0,0.0,0.0,0.0,0.0,0.0,0.0,0.0,0.0,,,0.0,0.0
2020-02-01,1.0,0.0,0.0,0.5,0.5,0.5,2,0.0,0.0,0.0,0.0,0.0,0.0,0.0,0.0,0.0,0.0,,,0.0,0.0
2020-02-02,1.0,0.0,0.0,0.6666666666666666,0.6666666666666666,0.6666666666666666,3,0.0,0.0,0.0,0.0,0.0,0.0,0.0,0.0,0.0,0.0,,,0.0,0.0
2020-02-03,0.0,0.0,0.0,0.6666666666666666,0.5,0.5,3,0.0,0.0,0.0,0.0,0.0,0.0,0.0,0.0,0.0,0.0,,,0.0,0.0
2020-02-04,0.0,0.0,0.0,0.3333333333333333,0.4,0.4,3,0.0,0.0,0.0,0.0,0.0,0.0,0.0,0.0,0.0,0.0,,,0.0,0.0
2020-02-05,0.0,0.0,0.0,0.0,0.3333333333333333,0.3333333333333333,3,0.0,0.0,0.0,0.0,0.0,0.0,0.0,0.0,0.0,0.0,,,0.0,0.0
2020-02-06,0.0,0.0,0.0,0.0,0.2857142857142857,0.2857142857142857,3,0.0,0.0,0.0,0.0,0.0,0.0,0.0,0.0,0.0,0.0,,,0.0,0.0
2020-02-07,0.0,0.0,0.0,0.0,0.2857142857142857,0.25,3,0.0,0.0,0.0,0.0,0.0,0.0,0.0,0.0,0.0,0.0,,,0.0,0.0
2020-02-08,0.0,0.0,0.0,0.0,0.14285714285714285,0.2222222222222222,3,0.0,0.0,0.0,0.0,0.0,0.0,0.0,0.0,0.0,0.0,,,0.0,0.0
2020-02-09,0.0,0.0,0.0,0.0,0.0,0.2,3,0.0,0.0,0.0,0.0,0.0,0.0,0.0,0.0,0.0,0.0,,,0.0,0.0
2020-02-10,0.0,0.0,0.0,0.0,0.0,0.18181818181818182,3,0.0,0.0,0.0,0.0,0.0,0.0,0.0,0.0,0.0,0.0,,,0.0,0.0
2020-02-11,0.0,0.0,0.0,0.0,0.0,0.16666666666666666,3,0.0,0.0,0.0,0.0,0.0,0.0,0.0,0.0,0.0,0.0,,,0.0,0.0
2020-02-12,0.0,0.0,0.0,0.0,0.0,0.15384615384615385,3,0.0,0.0,0.0,0.0,0.0,0.0,0.0,0.0,0.0,0.0,,,0.0,0.0
2020-02-13,0.0,0.0,0.0,0.0,0.0,0.14285714285714285,3,0.0,0.0,0.0,0.0,0.0,0.0,0.0,0.0,0.0,0.0,,,0.0,0.0
2020-02-14,0.0,0.0,0.0,0.0,0.0,0.14285714285714285,3,0.0,0.0,0.0,0.0,0.0,0.0,0.0,0.0,0.0,0.0,,,0.0,0.0
2020-02-15,0.0,0.0,0.0,0.0,0.0,0.07142857142857142,3,0.0,0.0,0.0,0.0,0.0,0.0,0.0,0.0,0.0,0.0,,,0.0,0.0
2020-02-16,0.0,0.0,0.0,0.0,0.0,0.0,3,0.0,0.0,0.0,0.0,0.0,0.0,0.0,0.0,0.0,0.0,,,0.0,0.0
2020-02-17,0.0,0.0,0.0,0.0,0.0,0.0,3,0.0,0.0,0.0,0.0,0.0,0.0,0.0,0.0,0.0,0.0,,,0.0,0.0
2020-02-18,0.0,0.0,0.0,0.0,0.0,0.0,3,0.0,0.0,0.0,0.0,0.0,0.0,0.0,0.0,0.0,0.0,,,0.0,0.0
2020-02-19,0.0,0.0,0.0,0.0,0.0,0.0,3,0.0,0.0,0.0,0.0,0.0,0.0,0.0,0.0,0.0,0.0,,,0.0,0.0
2020-02-20,0.0,0.0,0.0,0.0,0.0,0.0,3,0.0,0.0,0.0,0.0,0.0,0.0,0.0,0.0,0.0,0.0,,,0.0,0.0
2020-02-21,0.0,0.0,0.0,0.0,0.0,0.0,3,0.0,0.0,0.0,0.0,0.0,0.0,0.0,0.0,0.0,0.0,,,0.0,0.0
2020-02-22,0.0,0.0,0.0,0.0,0.0,0.0,3,0.0,0.0,0.0,0.0,0.0,0.0,0.0,0.0,0.0,0.0,,,0.0,0.0
2020-02-23,0.0,0.0,0.0,0.0,0.0,0.0,3,0.0,0.0,0.0,0.0,0.0,0.0,0.0,0.0,0.0,0.0,,,0.0,0.0
2020-02-24,0.0,0.0,0.0,0.0,0.0,0.0,3,0.0,0.0,0.0,0.0,0.0,0.0,0.0,0.0,0.0,0.0,,,0.0,0.0
2020-02-25,0.0,0.0,0.0,0.0,0.0,0.0,3,0.0,0.0,0.0,0.0,0.0,0.0,0.0,0.0,0.0,0.0,,,0.0,0.0
2020-02-26,0.0,0.0,0.0,0.0,0.0,0.0,3,0.0,0.0,0.0,0.0,0.0,0.0,0.0,0.0,0.0,0.0,,,0.0,0.0
2020-02-27,0.0,0.0,0.0,0.0,0.0,0.0,3,0.0,0.0,0.0,0.0,0.0,0.0,0.0,0.0,0.0,0.0,,,0.0,0.0
2020-02-28,0.0,0.0,0.0,0.0,0.0,0.0,3,0.0,0.0,0.0,0.0,0.0,0.0,0.0,0.0,0.0,0.0,,,0.0,0.0
2020-02-29,0.0,0.0,0.0,0.0,0.0,0.0,3,0.0,0.0,0.0,0.0,0.0,0.0,0.0,0.0,0.0,0.0,,,0.0,0.0
2020-03-01,0.0,0.0,0.0,0.0,0.0,0.0,3,0.0,0.0,0.0,0.0,0.0,0.0,0.0,0.0,0.0,0.0,,,0.0,0.0
2020-03-02,2.0,0.0,0.0,0.6666666666666666,0.2857142857142857,0.14285714285714285,5,0.0,0.0,0.0,0.0,0.0,0.0,0.0,0.0,0.0,0.0,,,0.0,0.0
2020-03-03,1.0,3.0,0.0,1.0,0.42857142857142855,0.21428571428571427,3,0.0,50.0,0.0,0.0,0.0,0.0,0.0,0.0,0.0,0.0,,,0.0,0.0
2020-03-04,22.0,0.0,0.0,8.333333333333334,3.5714285714285716,1.7857142857142858,25,0.0,10.7143,0.0,0.0,0.0,0.0,0.0,0.0,0.0,0.0,,,0.0,0.0
2020-03-05,2.0,0.0,0.0,8.333333333333334,3.857142857142857,1.9285714285714286,27,0.0,10.0,0.0,0.0,0.0,0.0,0.0,0.0,0.0,0.0,,,0.0,0.0
2020-03-06,1.0,0.0,0.0,8.333333333333334,4.0,2.0,28,0.0,9.6774,0.0,0.0,0.0,0.0,0.0,0.0,0.0,0.0,,,0.0,0.0
2020-03-07,3.0,0.0,0.0,2.0,4.428571428571429,2.2142857142857144,31,0.0,8.8235,0.0,0.0,0.0,0.0,0.0,0.0,0.0,0.0,,,0.0,0.0
2020-03-08,5.0,0.0,0.0,3.0,5.142857142857143,2.5714285714285716,36,0.0,7.6923,0.0,0.0,0.0,0.0,0.0,0.0,0.0,0.0,,,0.0,0.0
2020-03-09,7.0,0.0,0.0,5.0,5.857142857142857,3.0714285714285716,43,0.0,6.5217,0.0,0.0,0.0,0.0,0.0,0.0,0.0,0.0,,,0.0,0.0
2020-03-10,12.0,0.0,0.0,8.0,7.428571428571429,3.9285714285714284,55,0.0,5.1724,0.0,0.0,0.0,0.0,0.0,0.0,0.0,0.0,,,0.0,0.0
2020-03-11,2.0,0.0,0.0,7.0,4.571428571428571,4.071428571428571,57,0.0,5.0,0.0,0.0,0.0,0.0,0.0,0.0,0.0,0.0,,,0.0,0.0
2020-03-12,14.0,0.0,0.0,9.333333333333334,6.285714285714286,5.071428571428571,71,0.0,4.0541,0.0,0.0,0.0,0.0,0.0,0.0,0.0,0.0,,,0.0,0.0
2020-03-13,7.0,0.0,1.0,7.666666666666667,7.142857142857143,5.571428571428571,77,1.2346,3.7037,0.0,0.0,0.0,0.0,0.0,0.0,0.0,0.0,,,0.0,0.0
2020-03-14,3.0,7.0,1.0,8.0,7.142857142857143,5.785714285714286,72,2.381,11.9048,0.0,0.0,0.0,0.0,0.0,0.0,0.0,0.0,,,0.0,0.0
2020-03-15,26.0,3.0,0.0,12.0,10.142857142857142,7.642857142857143,95,1.8182,11.8182,0.0,0.0,0.0,0.0,0.0,0.0,0.0,0.0,,,0.0,0.0
2020-03-16,4.0,0.0,0.0,11.0,9.714285714285714,7.785714285714286,99,1.7544,11.4035,0.0,0.0,0.0,0.0,0.0,0.0,0.0,0.0,,,0.0,0.0
2020-03-17,23.0,1.0,1.0,17.666666666666668,11.285714285714286,9.357142857142858,120,2.1898,10.219,0.0,0.0,0.0,0.0,0.0,0.0,0.0,0.0,,,0.0,0.0
2020-03-18,14.0,0.0,0.0,13.666666666666666,13.0,8.785714285714286,134,1.9868,9.2715,0.0,0.0,0.0,0.0,0.0,0.0,0.0,0.0,,,0.0,0.0
2020-03-19,22.0,6.0,1.0,19.666666666666668,14.142857142857142,10.214285714285714,149,2.3121,11.5607,0.0,0.0,0.0,0.0,0.0,0.0,0.0,0.0,,,0.0,0.0
2020-03-20,50.0,3.0,0.0,28.666666666666668,20.285714285714285,13.714285714285714,196,1.7937,10.3139,0.0,0.0,0.0,0.0,0.0,0.0,0.0,0.0,,,0.0,0.0
2020-03-21,60.0,0.0,0.0,44.0,28.428571428571427,17.785714285714285,256,1.4134,8.1272,0.0,0.0,0.0,0.0,0.0,0.0,0.0,0.0,,,0.0,0.0
2020-03-22,77.0,1.0,3.0,62.333333333333336,35.714285714285715,22.928571428571427,329,1.9444,6.6667,0.0,0.0,0.0,0.0,0.0,0.0,0.0,0.0,,,0.0,0.0
2020-03-23,73.0,0.0,0.0,70.0,45.57142857142857,27.642857142857142,402,1.6166,5.5427,0.0,0.0,0.0,0.0,0.0,0.0,0.0,0.0,,,0.0,0.0
2020-03-24,86.0,16.0,2.0,78.66666666666667,54.57142857142857,32.92857142857143,470,1.7341,7.7071,0.0,0.0,0.0,0.0,0.0,0.0,0.0,0.0,,,0.0,0.0
2020-03-25,87.0,3.0,1.0,82.0,65.0,39.0,553,1.6502,7.0957,0.0,0.0,0.0,0.0,0.0,0.0,0.0,0.0,,,0.0,0.0
2020-03-26,88.0,2.0,5.0,87.0,74.42857142857143,44.285714285714285,634,2.1614,6.4841,0.0,0.0,0.0,0.0,0.0,0.0,0.0,0.0,,,0.0,0.0
2020-03-27,30.0,22.0,2.0,68.33333333333333,71.57142857142857,45.92857142857143,640,2.3481,9.2541,0.0,0.0,0.0,0.0,0.0,0.0,0.0,0.0,,,0.0,0.0
2020-03-28,185.0,13.0,2.0,101.0,89.42857142857143,58.92857142857143,810,2.0902,8.8009,0.0,0.0,0.0,0.0,0.0,0.0,0.0,0.0,,,0.0,0.0
2020-03-29,115.0,16.0,8.0,110.0,94.85714285714286,65.28571428571429,901,2.6367,9.375,0.0,0.0,0.0,0.0,0.0,0.0,0.0,0.0,,,0.0,0.0
2020-03-30,227.0,6.0,4.0,175.66666666666666,116.85714285714286,81.21428571428571,1118,2.478,8.1535,0.0,0.0,0.0,0.0,0.0,0.0,0.0,0.0,,,0.0,0.0
2020-03-31,146.0,22.0,4.0,162.66666666666666,125.42857142857143,90.0,1238,2.5054,8.8762,0.0,0.0,0.0,0.0,0.0,0.0,0.0,0.0,,,0.0,0.0
2020-04-01,437.0,20.0,6.0,270.0,175.42857142857142,120.21428571428571,1649,2.2356,7.8517,0.0,0.0,0.0,0.0,0.0,0.0,0.0,0.0,,,0.0,0.0
2020-04-02,235.0,12.0,12.0,272.6666666666667,196.42857142857142,135.42857142857142,1860,2.5616,7.5399,0.0,0.0,0.0,0.0,0.0,0.0,0.0,0.0,,,0.0,0.0
2020-04-03,478.0,7.0,9.0,383.3333333333333,260.42857142857144,166.0,2322,2.4342,6.3997,0.0,0.0,0.0,0.0,0.0,0.0,0.0,0.0,,,0.0,0.0
2020-04-04,525.0,50.0,13.0,412.6666666666667,309.0,199.21428571428572,2784,2.4414,6.9336,0.0,0.0,0.0,0.0,0.0,0.0,0.0,0.0,,,0.0,0.0
2020-04-05,505.0,62.0,8.0,502.6666666666667,364.7142857142857,229.78571428571428,3219,2.3204,7.688,0.0,0.0,0.0,0.0,0.0,0.0,0.0,0.0,,,0.0,0.0
2020-04-06,704.0,44.0,28.0,578.0,432.85714285714283,274.85714285714283,3851,2.5929,7.4515,0.0,0.0,0.0,0.0,0.0,0.0,0.0,0.0,,,0.0,0.0
2020-04-07,508.0,34.0,13.0,572.3333333333334,484.57142857142856,305.0,4312,2.5893,7.3711,0.0,0.0,0.0,0.0,0.0,0.0,0.0,0.0,,,0.0,0.0
2020-04-08,485.0,58.0,25.0,565.6666666666666,491.42857142857144,333.42857142857144,4714,2.8252,7.7929,0.0,0.0,0.0,0.0,0.0,0.0,0.0,0.0,,,0.0,0.0
2020-04-09,591.0,67.0,20.0,528.0,542.2857142857143,369.35714285714283,5218,2.8815,8.15,0.0,0.0,0.0,0.0,0.0,0.0,0.0,0.0,,,0.0,0.0
2020-04-10,896.0,38.0,37.0,657.3333333333334,602.0,431.2142857142857,6039,3.0469,7.632,0.0,0.0,0.0,0.0,0.0,0.0,0.0,0.0,,,0.0,0.0
2020-04-11,768.0,137.0,36.0,751.6666666666666,636.7142857142857,472.85714285714283,6634,3.2142,8.6731,0.0,0.0,0.0,0.0,0.0,0.0,0.0,0.0,,,0.0,0.0
2020-04-12,918.0,112.0,31.0,860.6666666666666,695.7142857142857,530.2142857142857,7409,3.2319,9.0565,0.0,0.0,0.0,0.0,0.0,0.0,0.0,0.0,,,0.0,0.0
2020-04-13,905.0,215.0,51.0,863.6666666666666,724.4285714285714,578.6428571428571,8048,3.4645,10.479,0.0,0.0,0.0,0.0,0.0,0.0,0.0,0.0,,,0.0,0.0
2020-04-14,1463.0,210.0,29.0,1095.3333333333333,860.8571428571429,672.7142857142857,9272,3.264,11.0032,0.0,0.0,0.0,0.0,0.0,0.0,0.0,0.0,,,0.0,0.0
2020-04-15,1118.0,154.0,39.0,1162.0,951.2857142857143,721.3571428571429,10197,3.285,11.2629,0.0,0.0,0.0,0.0,0.0,0.0,0.0,0.0,,,0.0,0.0
2020-04-16,826.0,171.0,28.0,1135.6666666666667,984.8571428571429,763.5714285714286,10824,3.2918,11.874,0.0,0.0,0.0,0.0,0.0,0.0,0.0,0.0,,,0.0,0.0
2020-04-17,1076.0,252.0,32.0,1006.6666666666666,1010.5714285714286,806.2857142857143,11616,3.2671,12.772,0.0,0.0,0.0,0.0,0.0,0.0,0.0,0.0,,,0.0,0.0
2020-04-18,957.0,248.0,36.0,953.0,1037.5714285714287,837.1428571428571,12289,3.2991,13.6222,0.0,0.0,0.0,0.0,0.0,0.0,0.0,0.0,,,0.0,0.0
2020-04-19,1324.0,287.0,31.0,1119.0,1095.5714285714287,895.6428571428571,13295,3.2204,14.2839,0.0,0.0,0.0,0.0,0.0,0.0,0.0,0.0,,,0.0,0.0
2020-04-20,1540.0,540.0,40.0,1273.6666666666667,1186.2857142857142,955.3571428571429,14255,3.1661,16.0965,0.0,0.0,0.0,0.0,0.0,0.0,0.0,0.0,,,0.0,0.0
2020-04-21,1329.0,418.0,44.0,1397.6666666666667,1167.142857142857,1014.0,15122,3.1762,17.1715,0.0,0.0,0.0,0.0,0.0,0.0,0.0,0.0,,,0.0,0.0
2020-04-22,1486.0,700.0,49.0,1451.6666666666667,1219.7142857142858,1085.5,15859,3.185,19.3444,0.0,0.0,0.0,0.0,0.0,0.0,0.0,0.0,,,0.0,0.0
2020-04-23,1229.0,365.0,34.0,1348.0,1277.2857142857142,1131.0714285714287,16689,3.1613,19.9309,0.0,0.0,0.0,0.0,0.0,0.0,0.0,0.0,,,0.0,0.0
2020-04-24,1752.0,489.0,37.0,1489.0,1373.857142857143,1192.2142857142858,17915,3.0829,20.527,0.0,0.0,0.0,0.0,0.0,0.0,0.0,0.0,,,0.0,0.0
2020-04-25,1441.0,396.0,56.0,1474.0,1443.0,1240.2857142857142,18904,3.1294,20.9296,0.0,0.0,0.0,0.0,0.0,0.0,0.0,0.0,,,0.0,0.0
2020-04-26,1712.0,704.0,47.0,1635.0,1498.4285714285713,1297.0,19865,3.1047,22.2289,0.0,0.0,0.0,0.0,0.0,0.0,0.0,0.0,,,0.0,0.0
2020-04-27,1555.0,448.0,60.0,1569.3333333333333,1500.5714285714287,1343.4285714285713,20912,3.1463,22.5923,0.0,0.0,0.0,0.0,0.0,0.0,0.0,0.0,,,0.0,0.0
2020-04-28,1674.0,665.0,51.0,1647.0,1549.857142857143,1358.5,21870,3.1407,23.5537,0.0,0.0,0.0,0.0,0.0,0.0,0.0,0.0,,,0.0,0.0
2020-04-29,1875.0,770.0,71.0,1701.3333333333333,1605.4285714285713,1412.5714285714287,22904,3.1789,24.5892,0.0,0.0,0.0,0.0,0.0,0.0,0.0,0.0,,,0.0,0.0
2020-04-30,1621.0,576.0,67.0,1723.3333333333333,1661.4285714285713,1469.357142857143,23882,3.2253,25.1215,0.0,0.0,0.0,0.0,0.0,0.0,0.0,0.0,,,0.0,0.0
2020-05-01,1642.0,692.0,77.0,1712.6666666666667,1645.7142857142858,1509.7857142857142,24755,3.2941,25.9207,0.0,0.0,0.0,0.0,0.0,0.0,0.0,0.0,,,0.0,0.0
2020-05-02,2185.0,886.0,66.0,1816.0,1752.0,1597.5,25988,3.278,26.781,0.0,0.0,0.0,0.0,0.0,0.0,0.0,0.0,,,0.0,0.0
2020-05-03,2967.0,936.0,88.0,2264.6666666666665,1931.2857142857142,1714.857142857143,27931,3.2549,27.1334,0.0,0.0,0.0,0.0,0.0,0.0,0.0,0.0,,,0.0,0.0
2020-05-04,2712.0,875.0,83.0,2621.3333333333335,2096.5714285714284,1798.5714285714287,29685,3.2426,27.4582,0.0,0.0,0.0,0.0,0.0,0.0,0.0,0.0,,,0.0,0.0
2020-05-05,3875.0,1399.0,194.0,3184.6666666666665,2411.0,1980.4285714285713,31967,3.3889,28.1754,0.0,0.0,0.0,0.0,0.0,0.0,0.0,0.0,,,0.0,0.0
2020-05-06,2680.0,1022.0,111.0,3089.0,2526.0,2065.714285714286,33514,3.4298,28.7158,0.0,0.0,0.0,0.0,0.0,0.0,0.0,0.0,,,0.0,0.0
2020-05-07,3561.0,1084.0,89.0,3372.0,2803.1428571428573,2232.285714285714,35902,3.3672,28.8318,0.0,0.0,0.0,0.0,0.0,0.0,0.0,0.0,,,0.0,0.0
2020-05-08,3390.0,1273.0,103.0,3210.3333333333335,3052.8571428571427,2349.285714285714,37916,3.3474,29.3564,0.0,0.0,0.0,0.0,0.0,0.0,0.0,0.0,,,0.0,0.0
2020-05-09,3320.0,1307.0,95.0,3423.6666666666665,3215.0,2483.5,39834,3.3204,29.9135,0.0,0.0,0.0,0.0,0.0,0.0,0.0,0.0,,,0.0,0.0
2020-05-10,3277.0,1511.0,128.0,3329.0,3259.285714285714,2595.285714285714,41472,3.3509,30.7568,0.0,0.0,0.0,0.0,0.0,0.0,0.0,0.0,,,0.0,0.0
2020-05-11,4213.0,1559.0,97.0,3603.3333333333335,3473.714285714286,2785.1428571428573,44029,3.2851,31.1487,0.0,0.0,0.0,0.0,0.0,0.0,0.0,0.0,,,0.0,0.0
2020-05-12,3604.0,1538.0,87.0,3698.0,3435.0,2923.0,46008,3.2407,31.7358,0.0,0.0,0.0,0.0,0.0,0.0,0.0,0.0,,,0.0,0.0
2020-05-13,3525.0,1931.0,122.0,3780.6666666666665,3555.714285714286,3040.8571428571427,47480,3.2512,32.8294,0.0,0.0,0.0,0.0,0.0,0.0,0.0,0.0,,,0.0,0.0
2020-05-14,3722.0,1849.0,134.0,3617.0,3578.714285714286,3190.9285714285716,49219,3.2678,33.6333,0.0,0.0,0.0,0.0,0.0,0.0,0.0,0.0,,,0.0,0.0
2020-05-15,3967.0,1685.0,100.0,3738.0,3661.1428571428573,3357.0,51401,3.2317,34.0612,0.0,0.0,0.0,0.0,0.0,0.0,0.0,0.0,,,0.0,0.0
2020-05-16,3740.0,2233.0,103.0,3809.6666666666665,3721.1428571428573,3468.0714285714284,52805,3.2108,35.1803,0.0,0.0,0.0,0.0,0.0,0.0,0.0,0.0,,,0.0,0.0
2020-05-17,4927.0,3956.0,120.0,4211.333333333333,3956.8571428571427,3608.0714285714284,53656,3.1687,37.6325,0.0,0.0,0.0,0.0,0.0,0.0,0.0,0.0,,,0.0,0.0
2020-05-18,5122.0,2715.0,157.0,4596.333333333333,4086.714285714286,3780.214285714286,55906,3.1631,38.4549,0.0,0.0,0.0,0.0,0.0,0.0,0.0,0.0,,,0.0,0.0
2020-05-19,4566.0,2350.0,134.0,4871.666666666667,4224.142857142857,3829.5714285714284,57988,3.1528,39.0471,0.0,0.0,0.0,0.0,0.0,0.0,0.0,0.0,,,0.0,0.0
2020-05-20,6425.0,3124.0,140.0,5371.0,4638.428571428572,4097.071428571428,61149,3.0941,39.6234,0.0,0.0,0.0,0.0,0.0,0.0,0.0,0.0,,,0.0,0.0
2020-05-21,5609.0,3002.0,132.0,5533.333333333333,4908.0,4243.357142857143,63624,3.0572,40.3172,0.0,0.0,0.0,0.0,0.0,0.0,0.0,0.0,,,0.0,0.0
2020-05-22,6088.0,3234.0,148.0,6040.666666666667,5211.0,4436.071428571428,66330,3.025,40.9753,0.0,0.0,0.0,0.0,0.0,0.0,0.0,0.0,,,0.0,0.0
2020-05-23,6654.0,3250.0,137.0,6117.0,5627.285714285715,4674.214285714285,69597,2.9736,41.3938,0.0,0.0,0.0,0.0,0.0,0.0,0.0,0.0,,,0.0,0.0
2020-05-24,6767.0,2657.0,147.0,6503.0,5890.142857142857,4923.5,73560,2.9325,41.2845,0.0,0.0,0.0,0.0,0.0,0.0,0.0,0.0,,,0.0,0.0
2020-05-25,6977.0,3280.0,154.0,6799.333333333333,6155.142857142857,5120.928571428572,77103,2.896,41.5723,0.0,0.0,0.0,0.0,0.0,0.0,0.0,0.0,,,0.0,0.0
2020-05-26,6535.0,2770.0,146.0,6759.666666666667,6436.428571428572,5330.285714285715,80722,2.8663,41.6089,0.0,0.0,0.0,0.0,0.0,0.0,0.0,0.0,,,0.0,0.0
2020-05-27,6387.0,3935.0,170.0,6633.0,6431.0,5534.714285714285,83004,2.8577,42.4506,0.0,0.0,0.0,0.0,0.0,0.0,0.0,0.0,,,0.0,0.0
2020-05-28,6566.0,3266.0,194.0,6496.0,6567.714285714285,5737.857142857143,86110,2.8617,42.7529,0.0,0.0,0.0,0.0,0.0,0.0,0.0,0.0,,,0.0,0.0
2020-05-29,7466.0,3414.0,175.0,6806.333333333333,6764.571428571428,5987.785714285715,89987,2.8384,42.8869,0.0,0.0,0.0,0.0,0.0,0.0,0.0,0.0,,,0.0,0.0
2020-05-30,7964.0,11264.0,265.0,7332.0,6951.714285714285,6289.5,86422,2.8608,47.4036,0.0,0.0,0.0,0.0,0.0,0.0,0.0,0.0,,,0.0,0.0
2020-05-31,8380.0,4614.0,193.0,7936.666666666667,7182.142857142857,6536.142857142857,89995,2.8351,47.7559,0.0,0.0,0.0,0.0,0.0,0.0,0.0,0.0,,,0.0,0.0
2020-06-01,8392.0,4835.0,230.0,8245.333333333334,7384.285714285715,6769.714285714285,93322,2.831,48.1901,0.0,0.0,0.0,0.0,0.0,0.0,0.0,0.0,,,0.0,0.0
2020-06-02,8171.0,3708.0,204.0,8314.333333333334,7618.0,7027.214285714285,97581,2.8172,48.0745,0.0,0.0,0.0,0.0,0.0,0.0,0.0,0.0,,,0.0,0.0
2020-06-03,8909.0,4776.0,217.0,8490.666666666666,7978.285714285715,7204.642857142857,101497,2.8009,48.312,0.0,0.0,0.0,0.0,0.0,0.0,0.0,0.0,,,0.0,0.0
2020-06-04,9304.0,3804.0,260.0,8794.666666666666,8369.42857142857,7468.571428571428,106737,2.8006,47.9935,0.0,0.0,0.0,0.0,0.0,0.0,0.0,0.0,,,0.0,0.0
2020-06-05,9851.0,5355.0,273.0,9354.666666666666,8710.142857142857,7737.357142857143,110960,2.7993,48.2701,0.0,0.0,0.0,0.0,0.0,0.0,0.0,0.0,,,0.0,0.0
2020-06-06,9887.0,4611.0,294.0,9680.666666666666,8984.857142857143,7968.285714285715,115942,2.8066,48.2018,0.0,0.0,0.0,0.0,0.0,0.0,0.0,0.0,,,0.0,0.0
2020-06-07,9971.0,5220.0,287.0,9903.0,9212.142857142857,8197.142857142857,120406,2.8095,48.3696,0.0,0.0,0.0,0.0,0.0,0.0,0.0,0.0,,,0.0,0.0
2020-06-08,9983.0,4802.0,206.0,9947.0,9439.42857142857,8411.857142857143,125381,2.7805,48.3592,0.0,0.0,0.0,0.0,0.0,0.0,0.0,0.0,,,0.0,0.0
2020-06-09,9987.0,5120.0,331.0,9980.333333333334,9698.857142857143,8658.42857142857,129917,2.8005,48.4681,0.0,0.0,0.0,0.0,0.0,0.0,0.0,0.0,,,0.0,0.0
2020-06-10,9985.0,5991.0,279.0,9985.0,9852.57142857143,8915.42857142857,133632,2.8002,48.8844,0.0,0.0,0.0,0.0,0.0,0.0,0.0,0.0,,,0.0,0.0
2020-06-11,9996.0,5823.0,357.0,9989.333333333334,9951.42857142857,9160.42857142857,137448,2.8271,49.2112,0.0,0.0,0.0,0.0,0.0,0.0,0.0,0.0,,,0.0,0.0
2020-06-12,10956.0,6166.0,396.0,10312.333333333334,10109.285714285714,9409.714285714286,141842,2.8561,49.4715,0.0,0.0,0.0,0.0,0.0,0.0,0.0,0.0,,,0.0,0.0
2020-06-13,11458.0,7135.0,386.0,10803.333333333334,10333.714285714286,9659.285714285714,145779,2.8751,49.9461,0.0,0.0,0.0,0.0,0.0,0.0,0.0,0.0,,,0.0,0.0
2020-06-14,11929.0,8049.0,311.0,11447.666666666666,10613.42857142857,9912.785714285714,149348,2.8652,50.5977,0.0,0.0,0.0,0.0,0.0,0.0,0.0,0.0,,,0.0,0.0
2020-06-15,11502.0,7419.0,325.0,11629.666666666666,10830.42857142857,10134.92857142857,153106,2.8638,51.0787,0.0,0.0,0.0,0.0,0.0,0.0,0.0,0.0,,,0.0,0.0
2020-06-16,10667.0,10215.0,380.0,11366.0,10927.57142857143,10313.214285714286,153178,2.8855,52.468,0.0,0.0,0.0,0.0,0.0,0.0,0.0,0.0,,,0.0,0.0
2020-06-17,10974.0,6922.0,2003.0,11047.666666666666,11068.857142857143,10460.714285714286,155227,3.3618,52.7968,0.0,0.0,0.0,0.0,0.0,0.0,0.0,0.0,,,0.0,0.0
2020-06-18,12881.0,7390.0,334.0,11507.333333333334,11481.0,10716.214285714286,160384,3.3348,52.9574,0.0,0.0,0.0,0.0,0.0,0.0,0.0,0.0,,,0.0,0.0
2020-06-19,13586.0,10386.0,336.0,12480.333333333334,11856.714285714286,10983.0,163248,3.3041,53.796,0.0,0.0,0.0,0.0,0.0,0.0,0.0,0.0,,,0.0,0.0
2020-06-20,14516.0,9120.0,375.0,13661.0,12293.57142857143,11313.642857142857,168269,3.2776,54.1279,0.0,0.0,0.0,0.0,0.0,0.0,0.0,0.0,,,0.0,0.0
2020-06-21,15413.0,13925.0,306.0,14505.0,12791.285714285714,11702.357142857143,169451,3.2291,55.4879,0.0,0.0,0.0,0.0,0.0,0.0,0.0,0.0,,,0.0,0.0
2020-06-22,14821.0,9440.0,445.0,14916.666666666666,13265.42857142857,12047.92857142857,174387,3.2212,55.7738,0.0,0.0,0.0,0.0,0.0,0.0,0.0,0.0,,,0.0,0.0
2020-06-23,14933.0,10994.0,312.0,15055.666666666666,13874.857142857143,12401.214285714286,178014,3.1828,56.3793,0.0,0.0,0.0,0.0,0.0,0.0,0.0,0.0,,,0.0,0.0
2020-06-24,15968.0,10495.0,465.0,15240.666666666666,14588.285714285714,12828.57142857143,183022,3.1733,56.7064,0.0,0.0,0.0,0.0,0.0,0.0,0.0,0.0,,,0.0,0.0
2020-06-25,16922.0,13012.0,418.0,15941.0,15165.57142857143,13323.285714285714,186514,3.1481,57.4285,0.0,0.0,0.0,0.0,0.0,0.0,0.0,0.0,,,0.0,0.0
2020-06-26,17296.0,13940.0,407.0,16728.666666666668,15695.57142857143,13776.142857142857,189463,3.1201,58.2456,0.0,0.0,0.0,0.0,0.0,0.0,0.0,0.0,,,0.0,0.0
2020-06-27,18552.0,10244.0,384.0,17590.0,16272.142857142857,14282.857142857143,197387,3.0818,58.1352,0.0,0.0,0.0,0.0,0.0,0.0,0.0,0.0,,,0.0,0.0
2020-06-28,19906.0,13832.0,410.0,18584.666666666668,16914.0,14852.642857142857,203051,3.0433,58.5625,0.0,0.0,0.0,0.0,0.0,0.0,0.0,0.0,,,0.0,0.0
2020-06-29,19459.0,12010.0,380.0,19305.666666666668,17576.571428571428,15421.0,210120,3.0046,58.6745,0.0,0.0,0.0,0.0,0.0,0.0,0.0,0.0,,,0.0,0.0
2020-06-30,18522.0,13099.0,418.0,19295.666666666668,18089.285714285714,15982.07142857143,215125,2.9802,59.0682,0.0,0.0,0.0,0.0,0.0,0.0,0.0,0.0,,,0.0,0.0
2020-07-01,18653.0,13157.0,507.0,18878.0,18472.85714285714,16530.571428571428,220114,2.9719,59.4335,0.0,0.0,0.0,0.0,0.0,0.0,0.0,0.0,,,0.0,0.0
2020-07-02,19148.0,11881.0,434.0,18774.333333333332,18790.85714285714,16978.214285714286,226947,2.9495,59.5163,0.0,0.0,0.0,0.0,0.0,0.0,0.0,0.0,,,0.0,0.0
2020-07-03,20903.0,20032.0,379.0,19568.0,19306.14285714286,17500.85714285714,227439,2.9115,60.7299,0.0,0.0,0.0,0.0,0.0,0.0,0.0,0.0,,,0.0,0.0
2020-07-04,22771.0,14335.0,442.0,20940.666666666668,19908.85714285714,18090.5,235433,2.8775,60.8079,0.0,0.0,0.0,0.0,0.0,0.0,0.0,0.0,,,0.0,0.0
2020-07-05,24850.0,14856.0,613.0,22841.333333333332,20615.14285714286,18764.571428571428,244814,2.8623,60.7701,0.0,0.0,0.0,0.0,0.0,0.0,0.0,0.0,,,0.0,0.0
2020-07-06,24248.0,15350.0,425.0,23956.333333333332,21299.285714285714,19437.928571428572,253287,2.8237,60.8582,0.0,0.0,0.0,0.0,0.0,0.0,0.0,0.0,,,0.0,0.0
2020-07-07,22252.0,15515.0,467.0,23783.333333333332,21832.14285714286,19960.714285714286,259557,2.8013,61.1323,0.0,0.0,0.0,0.0,0.0,0.0,0.0,0.0,,,0.0,0.0
2020-07-08,22752.0,16883.0,482.0,23084.0,22417.714285714286,20445.285714285714,264944,2.7804,61.5329,0.0,0.0,0.0,0.0,0.0,0.0,0.0,0.0,,,0.0,0.0
2020-07-09,24879.0,19547.0,487.0,23294.333333333332,23236.428571428572,21013.64285714286,269789,2.7537,62.0853,0.0,0.0,0.0,0.0,0.0,0.0,0.0,0.0,,,0.0,0.0
2020-07-10,26506.0,19138.0,475.0,24712.333333333332,24036.85714285714,21671.5,276682,2.7216,62.4231,0.0,0.0,0.0,0.0,0.0,0.0,0.0,0.0,,,0.0,0.0
2020-07-11,27114.0,19870.0,519.0,26166.333333333332,24657.285714285714,22283.071428571428,283407,2.6949,62.7818,0.0,0.0,0.0,0.0,0.0,0.0,0.0,0.0,,,0.0,0.0
2020-07-12,28637.0,19235.0,551.0,27419.0,25198.285714285714,22906.714285714286,292258,2.6689,62.9297,0.0,0.0,0.0,0.0,0.0,0.0,0.0,0.0,,,0.0,0.0
2020-07-13,28701.0,18850.0,500.0,28150.666666666668,25834.428571428572,23566.85714285714,301609,2.6386,63.0195,0.0,0.0,0.0,0.0,0.0,0.0,0.0,0.0,,,0.0,0.0
2020-07-14,28498.0,17989.0,553.0,28612.0,26726.714285714286,24279.428571428572,311565,2.6167,63.0227,0.0,0.0,0.0,0.0,0.0,0.0,0.0,0.0,,,0.0,0.0
2020-07-15,29429.0,20572.0,582.0,28876.0,27680.571428571428,25049.14285714286,319840,2.5966,63.2391,0.0,0.0,0.0,0.0,0.0,0.0,0.0,0.0,,,0.0,0.0
2020-07-16,32695.0,20783.0,606.0,30207.333333333332,28797.14285714286,26016.785714285714,331146,2.5715,63.2501,0.0,0.0,0.0,0.0,0.0,0.0,0.0,0.0,,,0.0,0.0
2020-07-17,34956.0,22942.0,687.0,32360.0,30004.285714285714,27020.571428571428,342473,2.5504,63.333,0.0,0.0,0.0,0.0,0.0,0.0,0.0,0.0,,,0.0,0.0
2020-07-18,34884.0,17994.0,671.0,34178.333333333336,31114.285714285714,27885.785714285714,358692,2.5294,62.9384,0.0,0.0,0.0,0.0,0.0,0.0,0.0,0.0,,,0.0,0.0
2020-07-19,38902.0,23672.0,543.0,36247.333333333336,32580.714285714286,28889.5,373379,2.4885,62.863,0.0,0.0,0.0,0.0,0.0,0.0,0.0,0.0,,,0.0,0.0
2020-07-20,40425.0,22664.0,681.0,38070.333333333336,34255.57142857143,30045.0,390459,2.4594,62.6172,0.0,0.0,0.0,0.0,0.0,0.0,0.0,0.0,,,0.0,0.0
2020-07-21,37148.0,24491.0,587.0,38825.0,35491.28571428572,31109.0,402529,2.4311,62.7237,0.0,0.0,0.0,0.0,0.0,0.0,0.0,0.0,,,0.0,0.0
2020-07-22,37724.0,28472.0,648.0,38432.333333333336,36676.28571428572,32178.428571428572,411133,2.4086,63.1269,0.0,0.0,0.0,0.0,0.0,0.0,0.0,0.0,,,0.0,0.0
2020-07-23,45720.0,29557.0,1129.0,40197.333333333336,38537.0,33667.07142857143,426167,2.4108,63.183,0.0,0.0,0.0,0.0,0.0,0.0,0.0,0.0,,,0.0,0.0
2020-07-24,49310.0,34602.0,740.0,44251.333333333336,40587.57142857143,35295.92857142857,440135,2.376,63.4506,0.0,0.0,0.0,0.0,0.0,0.0,0.0,0.0,,,0.0,0.0
2020-07-25,48916.0,32223.0,757.0,47982.0,42592.142857142855,36853.21428571428,456071,2.3456,63.5393,0.0,0.0,0.0,0.0,0.0,0.0,0.0,0.0,,,0.0,0.0
2020-07-26,48661.0,36145.0,705.0,48962.333333333336,43986.28571428572,38283.5,467882,2.3141,63.9165,0.0,0.0,0.0,0.0,0.0,0.0,0.0,0.0,,,0.0,0.0
2020-07-27,49931.0,31991.0,708.0,49169.333333333336,45344.28571428572,39799.92857142857,485114,2.283,63.9218,0.0,0.0,0.0,0.0,0.0,0.0,0.0,0.0,,,0.0,0.0
2020-07-28,47703.0,35175.0,654.0,48765.0,46852.142857142855,41171.71428571428,496988,2.2536,64.2375,0.0,0.0,0.0,0.0,0.0,0.0,0.0,0.0,,,0.0,0.0
2020-07-29,48513.0,35286.0,768.0,48715.666666666664,48393.42857142857,42534.857142857145,509447,2.2324,64.5067,0.0,0.0,0.0,0.0,0.0,0.0,0.0,0.0,,,0.0,0.0
2020-07-30,52123.0,32553.0,775.0,49446.333333333336,49308.142857142855,43922.57142857143,528242,2.2079,64.4391,0.0,0.0,0.0,0.0,0.0,0.0,0.0,0.0,,,0.0,0.0
2020-07-31,55078.0,37223.0,779.0,51904.666666666664,50132.142857142855,45359.857142857145,545318,2.1812,64.5448,0.0,0.0,0.0,0.0,0.0,0.0,0.0,0.0,,,0.0,0.0
2020-08-01,57118.0,36569.0,764.0,54773.0,51303.857142857145,46948.0,565103,2.1528,64.5272,0.0,0.0,0.0,0.0,0.0,0.0,0.0,0.0,,,0.0,0.0
2020-08-02,54735.0,51255.0,853.0,55643.666666666664,52171.57142857143,48078.92857142857,567730,2.1342,65.4375,0.0,0.0,0.0,0.0,0.0,0.0,0.0,0.0,,,0.0,0.0
2020-08-03,52972.0,40574.0,771.0,54941.666666666664,52606.0,48975.142857142855,579357,2.1143,65.7652,0.0,0.0,0.0,0.0,0.0,0.0,0.0,0.0,,,0.0,0.0
2020-08-04,52050.0,44306.0,803.0,53252.333333333336,53227.0,50039.57142857143,586298,2.0982,66.3081,0.0,0.0,0.0,0.0,0.0,0.0,0.0,0.0,,,0.0,0.0
2020-08-05,52509.0,51706.0,857.0,52510.333333333336,53797.857142857145,51095.642857142855,586244,2.0854,67.1931,0.0,0.0,0.0,0.0,0.0,0.0,0.0,0.0,,,0.0,0.0
2020-08-06,56282.0,46121.0,904.0,53613.666666666664,54392.0,51850.07142857143,595501,2.0717,67.6158,0.0,0.0,0.0,0.0,0.0,0.0,0.0,0.0,,,0.0,0.0
2020-08-07,62538.0,49769.0,886.0,57109.666666666664,55457.71428571428,52794.92857142857,607384,2.0515,67.9849,0.0,0.0,0.0,0.0,0.0,0.0,0.0,0.0,,,0.0,0.0
2020-08-08,61537.0,48900.0,933.0,60119.0,56089.0,53696.42857142857,619088,2.0357,68.3232,0.0,0.0,0.0,0.0,0.0,0.0,0.0,0.0,,,0.0,0.0
2020-08-09,64399.0,53879.0,861.0,62824.666666666664,57469.57142857143,54820.57142857143,628747,2.0148,68.782,0.0,0.0,0.0,0.0,0.0,0.0,0.0,0.0,,,0.0,0.0
2020-08-10,62064.0,54859.0,1007.0,62666.666666666664,58768.42857142857,55687.21428571428,634945,2.0038,69.3315,0.0,0.0,0.0,0.0,0.0,0.0,0.0,0.0,,,0.0,0.0
2020-08-11,53601.0,47746.0,871.0,60021.333333333336,58990.0,56108.5,639929,1.9949,69.798,0.0,0.0,0.0,0.0,0.0,0.0,0.0,0.0,,,0.0,0.0
2020-08-12,60963.0,56110.0,834.0,58876.0,60197.71428571428,56997.78571428572,643948,1.9785,70.38,0.0,0.0,0.0,0.0,0.0,0.0,0.0,0.0,,,0.0,0.0
2020-08-13,66999.0,56383.0,942.0,60521.0,61728.71428571428,58060.357142857145,653622,1.9625,70.7651,0.0,0.0,0.0,0.0,0.0,0.0,0.0,0.0,,,0.0,0.0
2020-08-14,64553.0,55573.0,1007.0,64171.666666666664,62016.57142857143,58737.142857142855,661595,1.9519,71.167,0.0,0.0,0.0,0.0,0.0,0.0,0.0,0.0,,,0.0,0.0
2020-08-15,65002.0,57381.0,996.0,65518.0,62511.57142857143,59300.28571428572,668220,1.9411,71.6072,0.0,0.0,0.0,0.0,0.0,0.0,0.0,0.0,,,0.0,0.0
2020-08-16,63490.0,53322.0,944.0,64348.333333333336,62381.71428571428,59925.642857142855,677444,1.93,71.9107,0.0,0.0,0.0,0.0,0.0,0.0,0.0,0.0,,,0.0,0.0
2020-08-17,57981.0,57584.0,941.0,62157.666666666664,61798.42857142857,60283.42857142857,676900,1.9232,72.5108,0.0,0.0,0.0,0.0,0.0,0.0,0.0,0.0,,,0.0,0.0
2020-08-18,55079.0,57937.0,876.0,58850.0,62009.57142857143,60499.78571428572,673166,1.9165,73.1768,0.0,0.0,0.0,0.0,0.0,0.0,0.0,0.0,,,0.0,0.0
2020-08-19,64531.0,60091.0,1092.0,59197.0,62519.28571428572,61358.5,676514,1.9112,73.6418,0.0,0.0,0.0,0.0,0.0,0.0,0.0,0.0,,,0.0,0.0
2020-08-20,69652.0,58794.0,977.0,63087.333333333336,62898.28571428572,62313.5,686395,1.8987,73.9062,0.0,0.0,0.0,0.0,0.0,0.0,0.0,0.0,,,0.0,0.0
2020-08-21,68898.0,62282.0,983.0,67693.66666666667,63519.0,62767.78571428572,692028,1.8876,74.2972,0.0,0.0,0.0,0.0,0.0,0.0,0.0,0.0,,,0.0,0.0
2020-08-22,69878.0,63631.0,945.0,69476.0,64215.57142857143,63363.57142857143,697330,1.875,74.6909,0.0,0.0,0.0,0.0,0.0,0.0,0.0,0.0,,,0.0,0.0
2020-08-23,69239.0,57989.0,912.0,69338.33333333333,65036.857142857145,63709.28571428572,707668,1.8623,74.8969,0.0,0.0,0.0,0.0,0.0,0.0,0.0,0.0,,,0.0,0.0
2020-08-24,61408.0,57469.0,836.0,66841.66666666667,65526.42857142857,63662.42857142857,710771,1.8524,75.2664,0.0,0.0,0.0,0.0,0.0,0.0,0.0,0.0,,,0.0,0.0
2020-08-25,60975.0,66550.0,848.0,63874.0,66368.71428571429,64189.142857142855,704348,1.8435,75.9185,0.0,0.0,0.0,0.0,0.0,0.0,0.0,0.0,,,0.0,0.0
2020-08-26,67151.0,63173.0,1059.0,63178.0,66743.0,64631.142857142855,707267,1.838,76.2955,0.0,0.0,0.0,0.0,0.0,0.0,0.0,0.0,,,0.0,0.0
2020-08-27,75760.0,56013.0,1023.0,67962.0,67615.57142857143,65256.92857142857,725991,1.8268,76.2415,0.0,0.0,0.0,0.0,0.0,0.0,0.0,0.0,,,0.0,0.0
2020-08-28,77266.0,60177.0,1057.0,73392.33333333333,68811.0,66165.0,742023,1.8164,76.2789,0.0,0.0,0.0,0.0,0.0,0.0,0.0,0.0,,,0.0,0.0
2020-08-29,76472.0,65050.0,1021.0,76499.33333333333,69753.0,66984.28571428571,752424,1.8057,76.4728,0.0,0.0,0.0,0.0,0.0,0.0,0.0,0.0,,,0.0,0.0
2020-08-30,78761.0,64935.0,948.0,77499.66666666667,71113.28571428571,68075.07142857143,765302,1.7923,76.6056,0.0,0.0,0.0,0.0,0.0,0.0,0.0,0.0,,,0.0,0.0
2020-08-31,78512.0,60868.0,971.0,77915.0,73556.71428571429,69541.57142857143,781975,1.7803,76.6256,0.0,0.0,0.0,0.0,0.0,0.0,0.0,0.0,,,0.0,0.0
2020-09-01,69921.0,65081.0,819.0,75731.33333333333,74834.71428571429,70601.71428571429,785996,1.7688,76.9373,0.0,0.0,0.0,0.0,0.0,0.0,0.0,0.0,,,0.0,0.0
2020-09-02,78357.0,62026.0,1045.0,75596.66666666667,76435.57142857143,71589.28571428571,801282,1.7597,76.9834,0.0,0.0,0.0,0.0,0.0,0.0,0.0,0.0,,,0.0,0.0
2020-09-03,83883.0,68584.0,1043.0,77387.0,77596.0,72605.78571428571,815538,1.7485,77.0874,0.0,0.0,0.0,0.0,0.0,0.0,0.0,0.0,,,0.0,0.0
2020-09-04,83341.0,66659.0,1096.0,81860.33333333333,78463.85714285714,73637.42857142857,831124,1.7393,77.1487,0.0,0.0,0.0,0.0,0.0,0.0,0.0,0.0,,,0.0,0.0
2020-09-05,86432.0,70072.0,1089.0,84552.0,79886.71428571429,74819.85714285714,846395,1.729,77.233,0.0,0.0,0.0,0.0,0.0,0.0,0.0,0.0,,,0.0,0.0
2020-09-06,90632.0,73642.0,1065.0,86801.66666666667,81582.57142857143,76347.92857142857,862320,1.7168,77.3216,0.0,0.0,0.0,0.0,0.0,0.0,0.0,0.0,,,0.0,0.0
2020-09-07,90802.0,69564.0,1016.0,89288.66666666667,83338.28571428571,78447.5,882542,1.7039,77.3063,0.0,0.0,0.0,0.0,0.0,0.0,0.0,0.0,,,0.0,0.0
2020-09-08,75809.0,73521.0,1133.0,85747.66666666667,84179.42857142857,79507.07142857143,883697,1.7002,77.6547,0.0,0.0,0.0,0.0,0.0,0.0,0.0,0.0,,,0.0,0.0
2020-09-09,89706.0,74894.0,1115.0,85439.0,85800.71428571429,81118.14285714286,897394,1.6908,77.7745,0.0,0.0,0.0,0.0,0.0,0.0,0.0,0.0,,,0.0,0.0
2020-09-10,95735.0,72939.0,1172.0,87083.33333333333,87493.85714285714,82544.92857142857,919018,1.6808,77.7405,0.0,0.0,0.0,0.0,0.0,0.0,0.0,0.0,,,0.0,0.0
2020-09-11,96551.0,70880.0,1209.0,93997.33333333333,89381.0,83922.42857142857,943480,1.6717,77.6489,0.0,0.0,0.0,0.0,0.0,0.0,0.0,0.0,,,0.0,0.0
2020-09-12,97570.0,81533.0,1201.0,96618.66666666667,90972.14285714286,85429.42857142857,958316,1.6625,77.7727,0.0,0.0,0.0,0.0,0.0,0.0,0.0,0.0,,,0.0,0.0
2020-09-13,94372.0,78399.0,1114.0,96164.33333333333,91506.42857142857,86544.5,973175,1.6529,77.878,0.0,0.0,0.0,0.0,0.0,0.0,0.0,0.0,,,0.0,0.0
2020-09-14,92071.0,77512.0,1136.0,94671.0,91687.71428571429,87513.0,986598,1.645,77.9978,0.0,0.0,0.0,0.0,0.0,0.0,0.0,0.0,,,0.0,0.0
2020-09-15,83809.0,79292.0,1054.0,90084.0,92830.57142857143,88505.0,990061,1.6384,78.2802,0.0,0.0,0.0,0.0,0.0,0.0,0.0,0.0,,,0.0,0.0
2020-09-16,90123.0,82961.0,1290.0,88667.66666666667,92890.14285714286,89345.42857142857,995933,1.6347,78.5275,0.0,0.0,0.0,0.0,0.0,0.0,0.0,0.0,,,0.0,0.0
2020-09-17,97894.0,82719.0,1132.0,90608.66666666667,93198.57142857143,90346.21428571429,1009976,1.6255,78.6417,0.0,0.0,0.0,0.0,0.0,0.0,0.0,0.0,,,0.0,0.0
2020-09-18,96424.0,87472.0,1174.0,94813.66666666667,93180.42857142857,91280.71428571429,1017754,1.618,78.8649,0.0,0.0,0.0,0.0,0.0,0.0,0.0,0.0,,,0.0,0.0
2020-09-19,93337.0,95880.0,1247.0,95885.0,92575.71428571429,91773.92857142857,1013964,1.613,79.2845,0.0,0.0,0.0,0.0,0.0,0.0,0.0,0.0,,,0.0,0.0
2020-09-20,92605.0,94612.0,1133.0,94122.0,92323.28571428571,91914.85714285714,1010824,1.6063,79.6768,0.0,0.0,0.0,0.0,0.0,0.0,0.0,0.0,,,0.0,0.0
2020-09-21,86961.0,93356.0,1130.0,90967.66666666667,91593.28571428571,91640.5,1003299,1.6015,80.1154,0.0,0.0,0.0,0.0,0.0,0.0,0.0,0.0,,,0.0,0.0
2020-09-22,75083.0,101468.0,1053.0,84883.0,90346.71428571429,91588.64285714286,975861,1.5988,80.8582,0.0,0.0,0.0,0.0,0.0,0.0,0.0,0.0,,,0.0,0.0
2020-09-23,83347.0,89746.0,1085.0,81797.0,89378.71428571429,91134.42857142857,968377,1.5944,81.2541,0.0,0.0,0.0,0.0,0.0,0.0,0.0,0.0,,,0.0,0.0
2020-09-24,86508.0,87374.0,1129.0,81646.0,87752.14285714286,90475.35714285714,966382,1.59,81.5521,0.0,0.0,0.0,0.0,0.0,0.0,0.0,0.0,,,0.0,0.0
2020-09-25,86052.0,81177.0,1141.0,85302.33333333333,86270.42857142857,89725.42857142857,970116,1.5861,81.7411,0.0,0.0,0.0,0.0,0.0,0.0,0.0,0.0,,,0.0,0.0
2020-09-26,85362.0,93420.0,1089.0,85974.0,85131.14285714286,88853.42857142857,960969,1.5816,82.1416,0.0,0.0,0.0,0.0,0.0,0.0,0.0,0.0,,,0.0,0.0
2020-09-27,88600.0,92043.0,1124.0,86671.33333333333,84559.0,88441.14285714286,956402,1.577,82.4631,0.0,0.0,0.0,0.0,0.0,0.0,0.0,0.0,,,0.0,0.0
2020-09-28,82170.0,74893.0,1039.0,85377.33333333333,83874.57142857143,87733.92857142857,962640,1.5728,82.5805,0.0,0.0,0.0,0.0,0.0,0.0,0.0,0.0,,,0.0,0.0
2020-09-29,70589.0,84877.0,776.0,80453.0,83232.57142857143,86789.64285714286,947576,1.5673,83.0131,0.0,0.0,0.0,0.0,0.0,0.0,0.0,0.0,,,0.0,0.0
2020-09-30,80472.0,86428.0,1179.0,77743.66666666667,82821.85714285714,86100.28571428571,940441,1.566,83.3283,0.0,0.0,0.0,0.0,0.0,0.0,0.0,0.0,,,0.0,0.0
2020-10-01,86821.0,85376.0,1181.0,79294.0,82866.57142857143,85309.35714285714,940705,1.5632,83.5347,0.0,0.0,0.0,0.0,0.0,0.0,0.0,0.0,,,0.0,0.0
2020-10-02,81484.0,78877.0,1095.0,82925.66666666667,82214.0,84242.21428571429,942217,1.5604,83.7038,0.0,0.0,0.0,0.0,0.0,0.0,0.0,0.0,,,0.0,0.0
2020-10-03,79476.0,75628.0,1069.0,82593.66666666667,81373.14285714286,83252.14285714286,944996,1.5578,83.8444,0.0,0.0,0.0,0.0,0.0,0.0,0.0,0.0,,,0.0,0.0
2020-10-04,75829.0,82260.0,940.0,78929.66666666667,79548.71428571429,82053.85714285714,937625,1.5541,84.1297,0.0,0.0,0.0,0.0,0.0,0.0,0.0,0.0,,,0.0,0.0
2020-10-05,74442.0,76737.0,903.0,76582.33333333333,78444.71428571429,81159.64285714286,934427,1.5502,84.3427,0.0,0.0,0.0,0.0,0.0,0.0,0.0,0.0,,,0.0,0.0
2020-10-06,61267.0,75787.0,884.0,70512.66666666667,77113.0,80172.78571428571,919023,1.5493,84.7034,0.0,0.0,0.0,0.0,0.0,0.0,0.0,0.0,,,0.0,0.0
2020-10-07,72049.0,82203.0,986.0,69252.66666666667,75909.71428571429,79365.78571428571,907883,1.5473,85.0167,0.0,0.0,0.0,0.0,0.0,0.0,0.0,0.0,,,0.0,0.0
2020-10-08,78524.0,83011.0,971.0,70613.33333333333,74724.42857142857,78795.5,902425,1.5438,85.2545,0.0,0.0,0.0,0.0,0.0,0.0,0.0,0.0,,,0.0,0.0
2020-10-09,70496.0,78365.0,964.0,73689.66666666667,73154.71428571429,77684.35714285714,893592,1.542,85.519,0.0,0.0,0.0,0.0,0.0,0.0,0.0,0.0,,,0.0,0.0
2020-10-10,73272.0,82753.0,926.0,74097.33333333333,72268.42857142857,76820.78571428571,883185,1.539,85.8068,0.0,0.0,0.0,0.0,0.0,0.0,0.0,0.0,,,0.0,0.0
2020-10-11,74383.0,89154.0,918.0,72717.0,72061.85714285714,75805.28571428571,867496,1.5358,86.1659,0.0,0.0,0.0,0.0,0.0,0.0,0.0,0.0,,,0.0,0.0
2020-10-12,66732.0,71559.0,816.0,71462.33333333333,70960.42857142857,74702.57142857143,861853,1.5329,86.3633,0.0,0.0,0.0,0.0,0.0,0.0,0.0,0.0,,,0.0,0.0
2020-10-13,55342.0,77760.0,706.0,65485.666666666664,70114.0,73613.5,838729,1.5309,86.7809,0.0,0.0,0.0,0.0,0.0,0.0,0.0,0.0,,,0.0,0.0
2020-10-14,63509.0,74632.0,730.0,61861.0,68894.0,72401.85714285714,826876,1.5276,87.0505,0.0,0.0,0.0,0.0,0.0,0.0,0.0,0.0,,,0.0,0.0
2020-10-15,67708.0,81514.0,680.0,62186.333333333336,67348.85714285714,71036.64285714286,812390,1.5227,87.3595,0.0,0.0,0.0,0.0,0.0,0.0,0.0,0.0,,,0.0,0.0
2020-10-16,63371.0,70338.0,895.0,64862.666666666664,66331.0,69742.85714285714,804528,1.5218,87.5627,0.0,0.0,0.0,0.0,0.0,0.0,0.0,0.0,,,0.0,0.0
2020-10-17,62212.0,70816.0,837.0,64430.333333333336,64751.0,68509.71428571429,795087,1.5203,87.7825,0.0,0.0,0.0,0.0,0.0,0.0,0.0,0.0,,,0.0,0.0
2020-10-18,61871.0,72614.0,1033.0,62484.666666666664,62963.57142857143,67512.71428571429,783311,1.5215,88.0267,0.0,0.0,0.0,0.0,0.0,0.0,0.0,0.0,,,0.0,0.0
2020-10-19,55722.0,66399.0,579.0,59935.0,61390.71428571428,66175.57142857143,772055,1.518,88.2565,0.0,0.0,0.0,0.0,0.0,0.0,0.0,0.0,,,0.0,0.0
2020-10-20,46790.0,69720.0,587.0,54794.333333333336,60169.0,65141.5,748538,1.5163,88.6307,0.0,0.0,0.0,0.0,0.0,0.0,0.0,0.0,,,0.0,0.0
2020-10-21,54044.0,61775.0,717.0,52185.333333333336,58816.857142857145,63855.42857142857,740090,1.515,88.812,0.0,0.0,0.0,0.0,0.0,0.0,0.0,0.0,,,0.0,0.0
2020-10-22,55839.0,79415.0,702.0,52224.333333333336,57121.28571428572,62235.07142857143,715812,1.5131,89.199,0.0,0.0,0.0,0.0,0.0,0.0,0.0,0.0,,,0.0,0.0
2020-10-23,54366.0,73979.0,690.0,54749.666666666664,55834.857142857145,61082.92857142857,695509,1.5114,89.5274,0.0,0.0,0.0,0.0,0.0,0.0,0.0,0.0,,,0.0,0.0
2020-10-24,53370.0,67549.0,650.0,54525.0,54571.71428571428,59661.357142857145,680680,1.5094,89.7803,0.0,0.0,0.0,0.0,0.0,0.0,0.0,0.0,,,0.0,0.0
2020-10-25,50129.0,62077.0,578.0,52621.666666666664,52894.28571428572,57928.92857142857,668154,1.5071,89.9974,0.0,0.0,0.0,0.0,0.0,0.0,0.0,0.0,,,0.0,0.0
2020-10-26,45148.0,59105.0,480.0,49549.0,51383.71428571428,56387.21428571428,653717,1.5046,90.2309,0.0,0.0,0.0,0.0,0.0,0.0,0.0,0.0,,,0.0,0.0
2020-10-27,36470.0,63842.0,488.0,43915.666666666664,49909.42857142857,55039.21428571428,625857,1.5038,90.6202,0.0,0.0,0.0,0.0,0.0,0.0,0.0,0.0,,,0.0,0.0
2020-10-28,43893.0,58439.0,508.0,41837.0,48459.28571428572,53638.07142857143,610803,1.5019,90.8538,0.0,0.0,0.0,0.0,0.0,0.0,0.0,0.0,,,0.0,0.0
2020-10-29,49881.0,56480.0,517.0,43414.666666666664,47608.142857142855,52364.71428571428,603687,1.4991,90.9926,0.0,0.0,0.0,0.0,0.0,0.0,0.0,0.0,,,0.0,0.0
2020-10-30,48648.0,57386.0,563.0,47474.0,46791.28571428572,51313.07142857143,594386,1.497,91.1548,0.0,0.0,0.0,0.0,0.0,0.0,0.0,0.0,,,0.0,0.0
2020-10-31,48268.0,59454.0,551.0,48932.333333333336,46062.42857142857,50317.07142857143,582649,1.4949,91.3447,0.0,0.0,0.0,0.0,0.0,0.0,0.0,0.0,,,0.0,0.0
2020-11-01,46963.0,58684.0,470.0,47959.666666666664,45610.142857142855,49252.21428571428,570458,1.4921,91.5376,0.0,0.0,0.0,0.0,0.0,0.0,0.0,0.0,,,0.0,0.0
2020-11-02,45231.0,53285.0,496.0,46820.666666666664,45622.0,48502.857142857145,561908,1.4899,91.682,0.0,0.0,0.0,0.0,0.0,0.0,0.0,0.0,,,0.0,0.0
2020-11-03,38310.0,58323.0,490.0,43501.333333333336,45884.857142857145,47897.142857142855,541405,1.4889,91.9626,0.0,0.0,0.0,0.0,0.0,0.0,0.0,0.0,,,0.0,0.0
2020-11-04,46253.0,53357.0,514.0,43264.666666666664,46222.0,47340.642857142855,533787,1.4868,92.0928,0.0,0.0,0.0,0.0,0.0,0.0,0.0,0.0,,,0.0,0.0
2020-11-05,50210.0,55331.0,704.0,44924.333333333336,46269.0,46938.57142857143,527962,1.4863,92.2015,0.0,0.0,0.0,0.0,0.0,0.0,0.0,0.0,,,0.0,0.0
2020-11-06,47638.0,54157.0,670.0,48033.666666666664,46124.71428571428,46458.0,520773,1.4858,92.3231,0.0,0.0,0.0,0.0,0.0,0.0,0.0,0.0,,,0.0,0.0
2020-11-07,50356.0,53920.0,577.0,49401.333333333336,46423.0,46242.71428571428,516632,1.4838,92.4109,0.0,0.0,0.0,0.0,0.0,0.0,0.0,0.0,,,0.0,0.0
2020-11-08,45674.0,49082.0,559.0,47889.333333333336,46238.857142857145,45924.5,512665,1.4824,92.4917,0.0,0.0,0.0,0.0,0.0,0.0,0.0,0.0,,,0.0,0.0
2020-11-09,45903.0,48405.0,490.0,47311.0,46334.857142857145,45978.42857142857,509673,1.4802,92.5613,0.0,0.0,0.0,0.0,0.0,0.0,0.0,0.0,,,0.0,0.0
2020-11-10,38073.0,46084.0,448.0,43216.666666666664,46301.0,46092.92857142857,501214,1.4789,92.6875,0.0,0.0,0.0,0.0,0.0,0.0,0.0,0.0,,,0.0,0.0
2020-11-11,44281.0,50326.0,512.0,42752.333333333336,46019.28571428572,46120.642857142855,494657,1.4772,92.795,0.0,0.0,0.0,0.0,0.0,0.0,0.0,0.0,,,0.0,0.0
2020-11-12,47905.0,52718.0,550.0,43419.666666666664,45690.0,45979.5,489294,1.4754,92.8901,0.0,0.0,0.0,0.0,0.0,0.0,0.0,0.0,,,0.0,0.0
2020-11-13,44879.0,49079.0,547.0,45688.333333333336,45295.857142857145,45710.28571428572,484547,1.4741,92.9748,0.0,0.0,0.0,0.0,0.0,0.0,0.0,0.0,,,0.0,0.0
2020-11-14,44684.0,47992.0,520.0,45822.666666666664,44485.57142857143,45454.28571428572,480719,1.4725,93.0483,0.0,0.0,0.0,0.0,0.0,0.0,0.0,0.0,,,0.0,0.0
2020-11-15,41100.0,42156.0,447.0,43554.333333333336,43832.142857142855,45035.5,479216,1.4707,93.0927,0.0,0.0,0.0,0.0,0.0,0.0,0.0,0.0,,,0.0,0.0
2020-11-16,30548.0,43851.0,435.0,38777.333333333336,41638.57142857143,43986.71428571428,465478,1.4705,93.2669,0.0,0.0,0.0,0.0,0.0,0.0,0.0,0.0,,,0.0,0.0
2020-11-17,29163.0,40791.0,449.0,33603.666666666664,40365.71428571428,43333.357142857145,453401,1.4708,93.4201,0.0,0.0,0.0,0.0,0.0,0.0,0.0,0.0,,,0.0,0.0
2020-11-18,38617.0,44739.0,474.0,32776.0,39556.57142857143,42787.92857142857,446805,1.4697,93.5173,0.0,0.0,0.0,0.0,0.0,0.0,0.0,0.0,,,0.0,0.0
2020-11-19,45576.0,48493.0,585.0,37785.333333333336,39223.857142857145,42456.92857142857,443303,1.4688,93.5828,0.0,0.0,0.0,0.0,0.0,0.0,0.0,0.0,,,0.0,0.0
2020-11-20,45882.0,44807.0,584.0,43358.333333333336,39367.142857142855,42331.5,443794,1.4678,93.6036,0.0,0.0,0.0,0.0,0.0,0.0,0.0,0.0,,,0.0,0.0
2020-11-21,46232.0,49715.0,564.0,45896.666666666664,39588.28571428572,42036.92857142857,439747,1.4665,93.6747,0.0,0.0,0.0,0.0,0.0,0.0,0.0,0.0,,,0.0,0.0
2020-11-22,45209.0,43493.0,501.0,45774.333333333336,40175.28571428572,42003.71428571428,440962,1.4647,93.6873,0.0,0.0,0.0,0.0,0.0,0.0,0.0,0.0,,,0.0,0.0
2020-11-23,44059.0,41024.0,511.0,45166.666666666664,42105.42857142857,41872.0,443486,1.4632,93.6845,0.0,0.0,0.0,0.0,0.0,0.0,0.0,0.0,,,0.0,0.0
2020-11-24,37975.0,42314.0,480.0,42414.333333333336,43364.28571428572,41865.0,438667,1.4624,93.758,0.0,0.0,0.0,0.0,0.0,0.0,0.0,0.0,,,0.0,0.0
2020-11-25,44376.0,37816.0,481.0,42136.666666666664,44187.0,41871.78571428572,444746,1.4606,93.7169,0.0,0.0,0.0,0.0,0.0,0.0,0.0,0.0,,,0.0,0.0
2020-11-26,44489.0,36367.0,524.0,42280.0,44031.71428571428,41627.78571428572,452344,1.4592,93.6594,0.0,0.0,0.0,0.0,0.0,0.0,0.0,0.0,,,0.0,0.0
2020-11-27,43082.0,39379.0,492.0,43982.333333333336,43631.71428571428,41499.42857142857,455555,1.4578,93.6489,0.0,0.0,0.0,0.0,0.0,0.0,0.0,0.0,,,0.0,0.0
2020-11-28,41322.0,41452.0,485.0,42964.333333333336,42930.28571428572,41259.28571428572,454940,1.4565,93.6784,0.0,0.0,0.0,0.0,0.0,0.0,0.0,0.0,,,0.0,0.0
2020-11-29,41810.0,42298.0,496.0,42071.333333333336,42444.71428571428,41310.0,453956,1.4553,93.7117,0.0,0.0,0.0,0.0,0.0,0.0,0.0,0.0,,,0.0,0.0
2020-11-30,38772.0,45333.0,443.0,40634.666666666664,41689.42857142857,41897.42857142857,446952,1.454,93.8071,0.0,0.0,0.0,0.0,0.0,0.0,0.0,0.0,,,0.0,0.0
2020-12-01,31118.0,41985.0,482.0,37233.333333333336,40709.857142857145,42037.07142857143,435603,1.4543,93.9423,0.0,0.0,0.0,0.0,0.0,0.0,0.0,0.0,,,0.0,0.0
2020-12-02,36604.0,43062.0,501.0,35498.0,39599.57142857143,41893.28571428572,428644,1.454,94.0337,0.0,0.0,0.0,0.0,0.0,0.0,0.0,0.0,,,0.0,0.0
2020-12-03,35551.0,40726.0,526.0,34424.333333333336,38322.71428571428,41177.21428571428,422943,1.4541,94.1102,0.0,0.0,0.0,0.0,0.0,0.0,0.0,0.0,,,0.0,0.0
2020-12-04,36595.0,42916.0,540.0,36250.0,37396.0,40513.857142857145,416082,1.4542,94.1988,0.0,0.0,0.0,0.0,0.0,0.0,0.0,0.0,,,0.0,0.0
2020-12-05,36652.0,42533.0,512.0,36266.0,36728.857142857145,39829.57142857143,409689,1.454,94.2821,0.0,0.0,0.0,0.0,0.0,0.0,0.0,0.0,,,0.0,0.0
2020-12-06,36011.0,41970.0,482.0,36419.333333333336,35900.42857142857,39172.57142857143,403248,1.4535,94.3652,0.0,0.0,0.0,0.0,0.0,0.0,0.0,0.0,,,0.0,0.0
2020-12-07,32981.0,39109.0,391.0,35214.666666666664,35073.142857142855,38381.28571428572,396729,1.4526,94.4478,0.0,0.0,0.0,0.0,0.0,0.0,0.0,0.0,,,0.0,0.0
2020-12-08,26567.0,39045.0,385.0,31853.0,34423.0,37566.42857142857,383866,1.4526,94.5915,0.0,0.0,0.0,0.0,0.0,0.0,0.0,0.0,,,0.0,0.0
2020-12-09,32080.0,36635.0,402.0,30542.666666666668,33776.71428571428,36688.142857142855,378909,1.452,94.6562,0.0,0.0,0.0,0.0,0.0,0.0,0.0,0.0,,,0.0,0.0
2020-12-10,31521.0,37725.0,412.0,30056.0,33201.0,35761.857142857145,372293,1.4515,94.7369,0.0,0.0,0.0,0.0,0.0,0.0,0.0,0.0,,,0.0,0.0
2020-12-11,29398.0,37528.0,414.0,30999.666666666668,32172.85714285714,34784.42857142857,363749,1.4514,94.8357,0.0,0.0,0.0,0.0,0.0,0.0,0.0,0.0,,,0.0,0.0
2020-12-12,30006.0,33494.0,442.0,30308.333333333332,31223.428571428572,33976.142857142855,359819,1.4514,94.887,0.0,0.0,0.0,0.0,0.0,0.0,0.0,0.0,,,0.0,0.0
2020-12-13,30254.0,33136.0,391.0,29886.0,30401.0,33150.71428571428,356546,1.4509,94.9319,0.0,0.0,0.0,0.0,0.0,0.0,0.0,0.0,,,0.0,0.0
2020-12-14,27071.0,30695.0,336.0,29110.333333333332,29556.714285714286,32314.928571428572,352586,1.4504,94.9824,0.0,0.0,0.0,0.0,0.0,0.0,0.0,0.0,,,0.0,0.0
2020-12-15,22004.0,34477.0,354.0,26443.0,28904.85714285714,31663.928571428572,339759,1.4507,95.1195,0.0,0.0,0.0,0.0,0.0,0.0,0.0,0.0,,,0.0,0.0
2020-12-16,26443.0,33813.0,387.0,25172.666666666668,28099.571428571428,30938.14285714286,332002,1.4507,95.2067,0.0,0.0,0.0,0.0,0.0,0.0,0.0,0.0,,,0.0,0.0
2020-12-17,24010.0,33291.0,355.0,24152.333333333332,27026.571428571428,30113.785714285714,322366,1.4508,95.3115,0.0,0.0,0.0,0.0,0.0,0.0,0.0,0.0,,,0.0,0.0
2020-12-18,22890.0,31087.0,338.0,24447.666666666668,26096.85714285714,29134.85714285714,313831,1.4509,95.4044,0.0,0.0,0.0,0.0,0.0,0.0,0.0,0.0,,,0.0,0.0
2020-12-19,25152.0,29885.0,347.0,24017.333333333332,25403.428571428572,28313.428571428572,308751,1.4507,95.4632,0.0,0.0,0.0,0.0,0.0,0.0,0.0,0.0,,,0.0,0.0
2020-12-20,26624.0,29690.0,341.0,24888.666666666668,24884.85714285714,27642.928571428572,305344,1.4502,95.5058,0.0,0.0,0.0,0.0,0.0,0.0,0.0,0.0,,,0.0,0.0
2020-12-21,26921.0,25709.0,333.0,26232.333333333332,24863.428571428572,27210.071428571428,306223,1.4497,95.5058,0.0,0.0,0.0,0.0,0.0,0.0,0.0,0.0,,,0.0,0.0
2020-12-22,10186.0,30376.0,301.0,21243.666666666668,23175.14285714286,26040.0,285732,1.4512,95.7109,0.0,0.0,0.0,0.0,0.0,0.0,0.0,0.0,,,0.0,0.0
2020-12-23,30736.0,26895.0,333.0,22614.333333333332,23788.428571428572,25944.0,289240,1.4501,95.6859,0.0,0.0,0.0,0.0,0.0,0.0,0.0,0.0,,,0.0,0.0
2020-12-24,24712.0,29791.0,312.0,21878.0,23888.714285714286,25457.64285714286,283849,1.4496,95.7466,0.0,0.0,0.0,0.0,0.0,0.0,0.0,0.0,,,0.0,0.0
2020-12-25,23067.0,24661.0,336.0,26171.666666666668,23914.0,25005.428571428572,281919,1.4496,95.772,0.0,0.0,0.0,0.0,0.0,0.0,0.0,0.0,,,0.0,0.0
2020-12-26,22273.0,22274.0,251.0,23350.666666666668,23502.714285714286,24453.071428571428,281667,1.4489,95.7812,0.0,0.0,0.0,0.0,0.0,0.0,0.0,0.0,,,0.0,0.0
2020-12-27,18732.0,21430.0,279.0,21357.333333333332,22375.285714285714,23630.071428571428,278690,1.449,95.8155,0.0,0.0,0.0,0.0,0.0,0.0,0.0,0.0,,,0.0,0.0
2020-12-28,20021.0,21131.0,279.0,20342.0,21389.571428571428,23126.5,277301,1.4489,95.8346,0.0,0.0,0.0,0.0,0.0,0.0,0.0,0.0,,,0.0,0.0
2020-12-29,16432.0,24900.0,252.0,18395.0,22281.85714285714,22728.5,268581,1.449,95.9241,0.0,0.0,0.0,0.0,0.0,0.0,0.0,0.0,,,0.0,0.0
2020-12-30,20549.0,26572.0,286.0,19000.666666666668,20826.571428571428,22307.5,262272,1.4489,95.991,0.0,0.0,0.0,0.0,0.0,0.0,0.0,0.0,,,0.0,0.0
2020-12-31,21822.0,26139.0,299.0,19601.0,20413.714285714286,22151.214285714286,257656,1.4487,96.0416,0.0,0.0,0.0,0.0,0.0,0.0,0.0,0.0,,,0.0,0.0
2021-01-01,20035.0,23181.0,256.0,20802.0,19980.571428571428,21947.285714285714,254254,1.4484,96.0799,0.0,0.0,0.0,0.0,0.0,0.0,0.0,0.0,,,0.0,0.0
2021-01-02,19079.0,22926.0,224.0,20312.0,19524.285714285714,21513.5,250183,1.4479,96.1245,0.0,0.0,0.0,0.0,0.0,0.0,0.0,0.0,,,0.0,0.0
2021-01-03,18177.0,20923.0,217.0,19097.0,19445.0,20910.14285714286,247220,1.4475,96.1579,0.0,0.0,0.0,0.0,0.0,0.0,0.0,0.0,,,0.0,0.0
2021-01-04,16504.0,19557.0,214.0,17920.0,18942.571428571428,20166.071428571428,243953,1.4472,96.1936,0.0,0.0,0.0,0.0,0.0,0.0,0.0,0.0,,,0.0,0.0
2021-01-05,16375.0,29091.0,201.0,17018.666666666668,18934.428571428572,20608.14285714286,231036,1.4469,96.3224,0.0,0.0,0.0,0.0,0.0,0.0,0.0,0.0,,,0.0,0.0
2021-01-06,18088.0,21314.0,264.0,16989.0,18582.85714285714,19704.714285714286,227546,1.4469,96.3599,0.0,0.0,0.0,0.0,0.0,0.0,0.0,0.0,,,0.0,0.0
2021-01-07,20346.0,19587.0,222.0,18269.666666666668,18372.0,19392.85714285714,228083,1.4462,96.3597,0.0,0.0,0.0,0.0,0.0,0.0,0.0,0.0,,,0.0,0.0
2021-01-08,18139.0,20539.0,234.0,18857.666666666668,18101.14285714286,19040.85714285714,225449,1.4459,96.3891,0.0,0.0,0.0,0.0,0.0,0.0,0.0,0.0,,,0.0,0.0
2021-01-09,18222.0,19253.0,228.0,18902.333333333332,17978.714285714286,18751.5,224190,1.4456,96.4053,0.0,0.0,0.0,0.0,0.0,0.0,0.0,0.0,,,0.0,0.0
2021-01-10,18645.0,19299.0,201.0,18335.333333333332,18045.571428571428,18745.285714285714,223335,1.4449,96.418,0.0,0.0,0.0,0.0,0.0,0.0,0.0,0.0,,,0.0,0.0
2021-01-11,16311.0,16959.0,161.0,17726.0,18018.0,18480.285714285714,222526,1.4442,96.4297,0.0,0.0,0.0,0.0,0.0,0.0,0.0,0.0,,,0.0,0.0
2021-01-12,12584.0,18385.0,167.0,15846.666666666666,17476.428571428572,18205.428571428572,216558,1.4441,96.4894,0.0,0.0,0.0,0.0,0.0,0.0,0.0,0.0,,,0.0,0.0
2021-01-13,15968.0,17817.0,202.0,14954.333333333334,17173.571428571428,17878.214285714286,214507,1.4438,96.5123,0.0,0.0,0.0,0.0,0.0,0.0,0.0,0.0,,,0.0,0.0
2021-01-14,16946.0,17652.0,198.0,15166.0,16687.85714285714,17529.928571428572,213603,1.4434,96.5247,0.0,0.0,0.0,0.0,0.0,0.0,0.0,0.0,,,0.0,0.0
2021-01-15,15590.0,15975.0,191.0,16168.0,16323.714285714286,17212.428571428572,213027,1.443,96.5335,0.0,0.0,0.0,0.0,0.0,0.0,0.0,0.0,,,0.0,0.0
2021-01-16,15158.0,16977.0,175.0,15898.0,15886.0,16932.35714285714,211033,1.4426,96.5557,0.0,0.0,0.0,0.0,0.0,0.0,0.0,0.0,,,0.0,0.0
2021-01-17,15144.0,17170.0,181.0,15297.333333333334,15385.857142857143,16715.714285714286,208826,1.4423,96.5798,0.0,0.0,0.0,0.0,0.0,0.0,0.0,0.0,,,0.0,0.0
2021-01-18,13788.0,14457.0,145.0,14696.666666666666,15025.42857142857,16521.714285714286,208012,1.4418,96.5906,0.0,0.0,0.0,0.0,0.0,0.0,0.0,0.0,,,0.0,0.0
2021-01-19,10064.0,17411.0,137.0,12998.666666666666,14665.42857142857,16070.92857142857,200528,1.4417,96.6633,0.0,0.0,0.0,0.0,0.0,0.0,0.0,0.0,,,0.0,0.0
2021-01-20,13823.0,16988.0,162.0,12558.333333333334,14359.0,15766.285714285714,197201,1.4413,96.6975,0.0,0.0,0.0,0.0,0.0,0.0,0.0,0.0,,,0.0,0.0
2021-01-21,15223.0,19965.0,151.0,13036.666666666666,14112.857142857143,15400.357142857143,192308,1.4407,96.747,0.0,0.0,0.0,0.0,0.0,0.0,0.0,0.0,,,0.0,0.0
2021-01-22,14545.0,18002.0,163.0,14530.333333333334,13963.57142857143,15143.642857142857,188688,1.4402,96.7839,0.0,0.0,0.0,0.0,0.0,0.0,0.0,0.0,,,0.0,0.0
2021-01-23,14256.0,17130.0,152.0,14674.666666666666,13834.714285714286,14860.357142857143,185662,1.4397,96.8153,0.0,0.0,0.0,0.0,0.0,0.0,0.0,0.0,,,0.0,0.0
2021-01-24,14849.0,15948.0,155.0,14550.0,13792.57142857143,14589.214285714286,184408,1.4392,96.83,0.0,0.0,0.0,0.0,0.0,0.0,0.0,0.0,,,0.0,0.0
2021-01-25,7648.0,13298.0,131.0,12251.0,12915.42857142857,13970.42857142857,178627,1.4394,96.8853,0.0,0.0,0.0,0.0,0.0,0.0,0.0,0.0,,,0.0,0.0
2021-01-26,14657.0,15901.0,117.0,12384.666666666666,13571.57142857143,14118.5,177266,1.4385,96.9012,0.0,0.0,0.0,0.0,0.0,0.0,0.0,0.0,,,0.0,0.0
2021-01-27,12689.0,13320.0,137.0,11664.666666666666,13409.57142857143,13884.285714285714,176498,1.4381,96.9108,0.0,0.0,0.0,0.0,0.0,0.0,0.0,0.0,,,0.0,0.0
2021-01-28,11666.0,14301.0,123.0,13004.0,12901.42857142857,13507.142857142857,173740,1.4377,96.9388,0.0,0.0,0.0,0.0,0.0,0.0,0.0,0.0,,,0.0,0.0
2021-01-29,18855.0,20746.0,163.0,14403.333333333334,13517.142857142857,13740.357142857143,171686,1.4367,96.9618,0.0,0.0,0.0,0.0,0.0,0.0,0.0,0.0,,,0.0,0.0
2021-01-30,13083.0,14808.0,137.0,14534.666666666666,13349.57142857143,13592.142857142857,169824,1.4362,96.9816,0.0,0.0,0.0,0.0,0.0,0.0,0.0,0.0,,,0.0,0.0
2021-01-31,13052.0,13965.0,127.0,14996.666666666666,13092.857142857143,13442.714285714286,168784,1.4356,96.9937,0.0,0.0,0.0,0.0,0.0,0.0,0.0,0.0,,,0.0,0.0
2021-02-01,10448.0,11858.0,118.0,12194.333333333334,13492.857142857143,13204.142857142857,167256,1.4353,97.0098,0.0,0.0,0.0,0.0,0.0,0.0,0.0,0.0,,,0.0,0.0
2021-02-02,9614.0,13423.0,94.0,11038.0,12772.42857142857,13172.0,163353,1.4349,97.0478,0.0,0.0,0.0,0.0,0.0,0.0,0.0,0.0,,,0.0,0.0
2021-02-03,11039.0,14225.0,110.0,10367.0,12536.714285714286,12973.142857142857,160057,1.4345,97.0804,0.0,0.0,0.0,0.0,0.0,0.0,0.0,0.0,,,0.0,0.0
2021-02-04,12899.0,17824.0,107.0,11184.0,12712.857142857143,12807.142857142857,155025,1.4337,97.1295,0.0,0.0,0.0,0.0,0.0,0.0,0.0,0.0,,,0.0,0.0
2021-02-05,12408.0,15853.0,120.0,12115.333333333334,11791.857142857143,12654.5,151460,1.4332,97.1647,0.0,0.0,0.0,0.0,0.0,0.0,0.0,0.0,,,0.0,0.0
2021-02-06,11713.0,14488.0,95.0,12340.0,11596.142857142857,12472.857142857143,148590,1.4325,97.1935,0.0,0.0,0.0,0.0,0.0,0.0,0.0,0.0,,,0.0,0.0
2021-02-07,12059.0,11805.0,78.0,12060.0,11454.285714285714,12273.57142857143,148766,1.4317,97.1942,0.0,0.0,0.0,0.0,0.0,0.0,0.0,0.0,,,0.0,0.0
2021-02-08,11831.0,11904.0,84.0,11867.666666666666,11651.857142857143,12572.357142857143,148609,1.4309,97.198,0.0,0.0,0.0,0.0,0.0,0.0,0.0,0.0,,,0.0,0.0
2021-02-09,9110.0,14016.0,78.0,11000.0,11579.857142857143,12176.142857142857,143625,1.4304,97.2456,0.0,0.0,0.0,0.0,0.0,0.0,0.0,0.0,,,0.0,0.0
2021-02-10,11067.0,13087.0,94.0,10669.333333333334,11583.857142857143,12060.285714285714,141511,1.4298,97.267,0.0,0.0,0.0,0.0,0.0,0.0,0.0,0.0,,,0.0,0.0
2021-02-11,9096.0,11764.0,108.0,9757.666666666666,11040.57142857143,11876.714285714286,138735,1.4296,97.2938,0.0,0.0,0.0,0.0,0.0,0.0,0.0,0.0,,,0.0,0.0
2021-02-12,13136.0,15858.0,87.0,11099.666666666666,11144.57142857143,11468.214285714286,135926,1.4287,97.3221,0.0,0.0,0.0,0.0,0.0,0.0,0.0,0.0,,,0.0,0.0
2021-02-13,12143.0,11395.0,103.0,11458.333333333334,11206.0,11401.07142857143,136571,1.428,97.3182,0.0,0.0,0.0,0.0,0.0,0.0,0.0,0.0,,,0.0,0.0
2021-02-14,12194.0,11106.0,92.0,12491.0,11225.285714285714,11339.785714285714,137567,1.4273,97.3112,0.0,0.0,0.0,0.0,0.0,0.0,0.0,0.0,,,0.0,0.0
2021-02-15,11649.0,9489.0,90.0,11995.333333333334,11199.285714285714,11425.57142857143,139637,1.4266,97.2943,0.0,0.0,0.0,0.0,0.0,0.0,0.0,0.0,,,0.0,0.0
2021-02-16,9121.0,11805.0,81.0,10988.0,11200.857142857143,11390.357142857143,136872,1.4261,97.3211,0.0,0.0,0.0,0.0,0.0,0.0,0.0,0.0,,,0.0,0.0
2021-02-17,11610.0,11833.0,100.0,10793.333333333334,11278.42857142857,11431.142857142857,136549,1.4255,97.326,0.0,0.0,0.0,0.0,0.0,0.0,0.0,0.0,,,0.0,0.0
2021-02-18,7159.0,11987.0,101.0,9296.666666666666,11001.714285714286,11021.142857142857,131620,1.4255,97.3719,0.0,0.0,0.0,0.0,0.0,0.0,0.0,0.0,,,0.0,0.0
2021-02-19,18915.0,10896.0,97.0,12561.333333333334,11827.285714285714,11485.92857142857,139542,1.4239,97.3033,0.0,0.0,0.0,0.0,0.0,0.0,0.0,0.0,,,0.0,0.0
2021-02-20,13993.0,10307.0,101.0,13355.666666666666,12091.57142857143,11648.785714285714,143127,1.423,97.2731,0.0,0.0,0.0,0.0,0.0,0.0,0.0,0.0,,,0.0,0.0
2021-02-21,14264.0,11667.0,90.0,15724.0,12387.285714285714,11806.285714285714,145634,1.422,97.253,0.0,0.0,0.0,0.0,0.0,0.0,0.0,0.0,,,0.0,0.0
2021-02-22,14199.0,9695.0,83.0,14152.0,12751.57142857143,11975.42857142857,150055,1.4209,97.2157,0.0,0.0,0.0,0.0,0.0,0.0,0.0,0.0,,,0.0,0.0
2021-02-23,10584.0,13255.0,78.0,13015.666666666666,12960.57142857143,12080.714285714286,147306,1.4203,97.2426,0.0,0.0,0.0,0.0,0.0,0.0,0.0,0.0,,,0.0,0.0
2021-02-24,26214.0,14037.0,104.0,16999.0,15046.857142857143,13162.642857142857,159379,1.4178,97.1389,0.0,0.0,0.0,0.0,0.0,0.0,0.0,0.0,,,0.0,0.0
2021-02-25,4266.0,11799.0,138.0,13688.0,14633.57142857143,12817.642857142857,151708,1.4185,97.2082,0.0,0.0,0.0,0.0,0.0,0.0,0.0,0.0,,,0.0,0.0
2021-02-26,16577.0,12179.0,120.0,15685.666666666666,14299.57142857143,13063.42857142857,155986,1.4175,97.1726,0.0,0.0,0.0,0.0,0.0,0.0,0.0,0.0,,,0.0,0.0
2021-02-27,16488.0,12771.0,113.0,12443.666666666666,14656.0,13373.785714285714,159590,1.4164,97.1432,0.0,0.0,0.0,0.0,0.0,0.0,0.0,0.0,,,0.0,0.0
2021-02-28,16752.0,11718.0,113.0,16605.666666666668,15011.42857142857,13699.357142857143,164511,1.4153,97.1022,0.0,0.0,0.0,0.0,0.0,0.0,0.0,0.0,,,0.0,0.0
2021-03-01,14418.0,11288.0,106.0,15886.0,15042.714285714286,13897.142857142857,167535,1.4144,97.0778,0.0,0.0,0.0,0.0,0.0,0.0,0.0,0.0,,,0.0,0.0
2021-03-02,13378.0,12464.0,91.0,14849.333333333334,15441.857142857143,14201.214285714286,168358,1.4135,97.0731,0.0,0.0,0.0,0.0,0.0,0.0,0.0,0.0,,,0.0,0.0
2021-03-03,4078.0,13123.0,98.0,10624.666666666666,12279.57142857143,13663.214285714286,159215,1.4139,97.1554,0.0,0.0,0.0,0.0,0.0,0.0,0.0,0.0,,,0.0,0.0
2021-03-04,28318.0,14031.0,89.0,15258.0,15715.57142857143,15174.57142857143,173413,1.4111,97.0346,0.0,0.0,0.0,0.0,0.0,0.0,0.0,0.0,,,0.0,0.0
2021-03-05,16838.0,13819.0,113.0,16411.333333333332,15752.857142857143,15026.214285714286,176319,1.41,97.012,0.0,0.0,0.0,0.0,0.0,0.0,0.0,0.0,,,0.0,0.0
2021-03-06,18327.0,14234.0,108.0,21161.0,16015.57142857143,15335.785714285714,180304,1.4086,96.9804,0.0,0.0,0.0,0.0,0.0,0.0,0.0,0.0,,,0.0,0.0
2021-03-07,18711.0,14392.0,100.0,17958.666666666668,16295.42857142857,15653.42857142857,184523,1.4072,96.9469,0.0,0.0,0.0,0.0,0.0,0.0,0.0,0.0,,,0.0,0.0
2021-03-08,18599.0,14278.0,97.0,18545.666666666668,16892.714285714286,15967.714285714286,188747,1.4057,96.9135,1678850.0,1678850.0,0.0,0.0,17188699.0,0.0,0.0,1.2455578985507247,15668064.0,1520635.0,0.0,0.0
2021-03-09,1474.0,16596.0,77.0,12928.0,15192.142857142857,15317.0,173548,1.4062,97.0485,1162374.0,1420612.0,14003206.0,4357037.0,18359083.0,1.0147250724637682,0.3157273188405797,1.3303683333333334,16739804.0,1619279.0,0.6652261956521739,0.006652261956521739
2021-03-10,31835.0,20652.0,133.0,17302.666666666668,19157.428571428572,15718.5,184598,1.4034,96.9576,1175187.0,1338803.6666666667,14872785.0,4665762.0,19537387.0,1.0777380434782609,0.33809869565217393,1.4157526811594203,17809439.0,1727948.0,0.7079183695652174,0.007079183695652174
2021-03-11,0.0,0.0,0.0,11103.0,15112.0,15413.785714285714,184598,1.4034,96.9576,408379.0,1106197.5,15204375.0,4749612.0,19952787.0,1.101766304347826,0.34417478260869566,1.4458541304347827,18197567.0,1755220.0,0.722970543478261,0.0072297054347826096
2021-03-12,22854.0,18100.0,126.0,18229.666666666668,15971.42857142857,15862.142857142857,189226,1.4017,96.9216,1817351.0,1248428.2,16612019.0,5160140.0,21770953.0,1.203769492753623,0.3739231884057971,1.5776052898550725,19860313.0,1910640.0,0.7888463405797101,0.0078884634057971
2021-03-13,48167.0,35114.0,257.0,23673.666666666668,20234.285714285714,18124.928571428572,202022,1.398,96.8195,1381753.0,1270649.0,17698742.0,5460862.0,23158393.0,1.2825175362318841,0.3957146376811594,1.6781444202898552,21148292.0,2010101.0,0.8391160869565217,0.008391160869565217
2021-03-14,25320.0,16637.0,161.0,32113.666666666668,21178.428571428572,18736.928571428572,210544,1.3963,96.7502,153934.0,1111118.2857142857,17837716.0,5480034.0,23316539.0,1.292588115942029,0.39710391304347825,1.6896042753623188,21298664.0,2017875.0,0.8448460144927536,0.008448460144927537
2021-03-15,26291.0,17455.0,118.0,33259.333333333336,22277.285714285714,19585.0,219262,1.3941,96.6801,2300150.0,1199875.4285714286,19766466.0,5851784.0,25617037.0,1.4323526086956522,0.4240423188405797,1.856307028985507,23433592.0,2183445.0,0.9281974637681158,0.009281974637681158
2021-03-16,24492.0,20191.0,131.0,25367.666666666668,25565.571428571428,20378.85714285714,223432,1.3923,96.6495,1798467.0,1290745.857142857,25709257.0,6161488.0,31870744.0,1.8629896376811597,0.44648463768115937,2.3094742028985507,29313725.0,2557019.0,1.1547371376811595,0.011547371376811595
2021-03-17,28903.0,17741.0,188.0,26562.0,25146.714285714286,22152.071428571428,234406,1.3904,96.5604,2030951.0,1412997.857142857,30011328.0,6484692.0,36496019.0,2.1747339130434784,0.4699052173913043,2.6446390579710144,33620784.0,2875235.0,1.3223195652173914,0.013223195652173914
2021-03-18,35871.0,17741.0,172.0,29755.333333333332,30271.14285714286,22691.571428571428,252364,1.3876,96.4131,2178001.0,1665801.0,31952935.0,6817469.0,38770403.0,2.3154300724637684,0.4940194927536232,2.809449492753623,35658703.0,3111700.0,1.404724782608696,0.01404724782608696
2021-03-19,39726.0,20654.0,154.0,34833.333333333336,32681.428571428572,24326.428571428572,271282,1.3841,96.2599,2349836.0,1741870.2857142857,34228371.0,7080848.0,41309218.0,2.480316739130435,0.5131049275362319,2.9934215942028986,37977040.0,3332178.0,1.4967108333333332,0.014967108333333333
2021-03-20,40953.0,23653.0,188.0,38850.0,31650.85714285714,25942.571428571428,288394,1.3808,96.1234,2227481.0,1862688.5714285714,36568988.0,7308880.0,43877867.0,2.6499266666666665,0.5296289855072464,3.179555579710145,40260683.0,3617184.0,1.5897778260869564,0.015897778260869563
2021-03-21,43846.0,22956.0,197.0,41508.333333333336,34297.42857142857,27737.928571428572,309087,1.3773,95.958,525764.0,1915807.142857143,37303458.0,7341914.0,44645371.0,2.7031491304347828,0.5320227536231884,3.2351718115942028,40934052.0,3711319.0,1.6175859420289855,0.016175859420289856
2021-03-22,46951.0,21180.0,212.0,43916.666666666664,37248.857142857145,29763.071428571428,334646,1.3736,95.753,2491839.0,1943191.2857142857,39612614.0,7592019.0,47204632.0,2.8704792753623187,0.5501463043478261,3.4206255072463767,43178899.0,4025733.0,1.7103127898550723,0.017103127898550723
2021-03-23,40715.0,29785.0,199.0,43837.333333333336,39566.42857142857,32566.0,345377,1.3705,95.6742,2154655.0,1994075.2857142857,42148875.0,7824277.0,49973151.0,3.054266304347826,0.5669765942028986,3.6212428260869567,45554897.0,4418254.0,1.8106214492753623,0.01810621449275362
2021-03-24,47262.0,23907.0,275.0,44976.0,42189.142857142855,33667.92857142857,368457,1.3673,95.4926,2181788.0,2015623.4285714286,44250191.0,7966046.0,52216236.0,3.206535579710145,0.5772497101449275,3.783785217391304,47460323.0,4755913.0,1.8918926449275362,0.018918926449275363
2021-03-25,53476.0,26490.0,251.0,47151.0,44704.142857142855,37487.642857142855,395192,1.3632,95.2841,2286219.0,2031083.142857143,46454700.0,8134520.0,54589219.0,3.3662826086956525,0.5894579710144928,3.955740507246377,49523912.0,5065307.0,1.9778702898550726,0.019778702898550726
2021-03-26,59118.0,32987.0,257.0,53285.333333333336,47474.42857142857,40077.92857142857,421066,1.3586,95.0871,2379309.0,2035293.5714285714,48749313.0,8271851.0,57021163.0,3.5325589130434785,0.5994094927536232,4.131968333333334,51657738.0,5363425.0,2.0659842028985507,0.020659842028985506
2021-03-27,62258.0,30386.0,291.0,58284.0,50518.0,41084.42857142857,452647,1.3539,94.8451,2074948.0,2013503.142857143,50865316.0,8370120.0,59235435.0,3.685892463768116,0.6065304347826087,4.292422826086956,53653625.0,5581810.0,2.1462114492753623,0.021462114492753624
2021-03-28,62714.0,28739.0,312.0,61363.333333333336,53213.42857142857,43755.42857142857,486310,1.3495,94.5884,240633.0,1972770.142857143,51179587.0,8377533.0,59557119.0,3.708665724637681,0.6070676086956521,4.315733260869565,53956699.0,5600420.0,2.157866666666666,0.021578666666666663
2021-03-29,68020.0,32231.0,291.0,64330.666666666664,56223.28571428572,46736.07142857143,521808,1.3443,94.3217,600872.0,1702632.0,51774289.0,8408775.0,60183063.0,3.7517600724637683,0.6093315217391304,4.361091521739131,54509817.0,5673246.0,2.1805457971014492,0.02180545797101449
2021-03-30,56211.0,37028.0,271.0,62315.0,58437.0,49001.71428571428,540720,1.3402,94.1895,1751465.0,1645033.4285714286,53429356.0,8560886.0,61990241.0,3.871692463768116,0.6203540579710145,4.492046449275362,56170007.0,5820234.0,2.246023260869565,0.022460232608695653
2021-03-31,53480.0,41280.0,354.0,59237.0,59325.28571428572,50757.21428571428,552566,1.3373,94.1146,1814790.0,1592605.142857143,55188803.0,8746787.0,63935589.0,3.999188623188406,0.6338251449275362,4.633013695652174,57956398.0,5979191.0,2.3165068840579712,0.023165068840579714
2021-04-01,76806.0,40382.0,459.0,62165.666666666664,62658.142857142855,53681.142857142855,588531,1.3326,93.8537,2294254.0,1593753.0,57443466.0,8918256.0,66361721.0,4.1625700000000005,0.6462504347826087,4.808820362318841,60197476.0,6164245.0,2.4044102173913044,0.024044102173913045
2021-04-02,76990.0,50356.0,469.0,69092.0,65211.28571428572,56342.857142857145,614696,1.3281,93.6757,2405715.0,1597525.2857142857,60936753.0,9154083.0,70090835.0,4.415706739130435,0.663339347826087,5.079046014492754,63675188.0,6415647.0,2.539523043478261,0.02539523043478261
2021-04-03,89129.0,44202.0,714.0,80975.0,69050.0,59784.0,658909,1.3243,93.3586,2144971.0,1607528.5714285714,63743700.0,9368419.0,73112118.0,4.619108695652174,0.6788709420289856,5.297979565217392,66492525.0,6619593.0,2.6489898188405796,0.026489898188405796
2021-04-04,93249.0,60048.0,513.0,86456.0,73412.14285714286,63312.78571428572,691597,1.3185,93.1423,1288914.0,1757283.0,66838504.0,9567193.0,76405696.0,4.8433698550724635,0.6932748550724638,5.536644637681159,69524997.0,6880699.0,2.7683223550724634,0.027683223550724632
2021-04-05,103558.0,52847.0,478.0,95312.0,78489.0,67356.14285714286,741830,1.3115,92.7959,2539778.0,2034269.5714285714,69620234.0,9819655.0,79439888.0,5.044944492753623,0.7115692028985507,5.756513623188406,72277231.0,7162657.0,2.8782568478260866,0.028782568478260866
2021-04-06,96982.0,50143.0,446.0,97929.66666666667,84313.42857142857,71375.21428571429,788223,1.305,92.4817,2350858.0,2119897.1428571427,131058890.0,31544713.0,162603603.0,9.497021014492754,2.285848768115942,11.782869782608696,147178689.0,15424914.0,5.891434891304348,0.05891434891304348
2021-04-07,115736.0,59856.0,630.0,105425.33333333333,93207.14285714286,76266.21428571429,843473,1.2981,92.1132,2249161.0,2181950.1428571427,76671812.0,10428815.0,87100626.0,5.5559284057971015,0.755711231884058,6.311639565217392,79268093.0,7832533.0,3.15581981884058,0.0315581981884058
2021-04-08,126789.0,59258.0,685.0,113169.0,100347.57142857143,81502.85714285714,910319,1.2906,91.6682,3586595.0,2366570.285714286,80998099.0,10883431.0,91881529.0,5.869427463768116,0.7886544202898551,6.6580818115942035,83713942.0,8167587.0,3.329040942028986,0.03329040942028986
2021-04-09,131968.0,61899.0,780.0,124831.0,108201.57142857143,86706.42857142857,979608,1.2836,91.2159,3345741.0,2500859.714285714,84296847.0,11286572.0,95583418.0,6.108467173913044,0.8178675362318841,6.92633463768116,87157426.0,8425992.0,3.463167355072464,0.03463167355072464
2021-04-10,145384.0,77567.0,794.0,134713.66666666666,116238.0,92644.0,1046631,1.2755,90.7991,3216276.0,2653903.285714286,87411872.0,11657482.0,99069353.0,6.334193623188406,0.8447450724637682,7.178938623188406,90391202.0,8678151.0,3.5894693478260873,0.035894693478260874
2021-04-11,152879.0,90584.0,839.0,143410.33333333334,124756.57142857143,99084.35714285714,1108087,1.2671,90.4381,2401294.0,2812814.714285714,90111528.0,11888873.0,102000400.0,6.529820869565217,0.8615125362318841,7.391333333333333,93134548.0,8865852.0,3.6956667028985506,0.03695666702898551
2021-04-12,168912.0,75086.0,904.0,155725.0,134092.85714285713,106290.92857142857,1201009,1.258,89.8639,3721638.0,2981651.8571428573,93559587.0,12410952.0,105970538.0,6.779680217391304,0.8993443478260871,7.679024492753624,96852980.0,9117558.0,3.8395122826086956,0.03839512282608695
2021-04-13,161736.0,97168.0,879.0,161175.66666666666,143343.42857142858,113828.42857142857,1264698,1.2496,89.512,2510796.0,3004500.1428571427,95823614.0,12774675.0,108598288.0,6.943740144927537,0.9257010869565218,7.86944115942029,99319107.0,9279181.0,3.934720615942029,0.03934720615942029
2021-04-14,184372.0,82339.0,1027.0,171673.33333333334,153148.57142857142,123177.85714285714,1365704,1.2404,88.9159,3041836.0,3117739.4285714286,98703696.0,13209592.0,111913287.0,7.152441739130435,0.9572168115942029,8.10965847826087,102280984.0,9632303.0,4.0548292753623185,0.040548292753623184
2021-04-15,200739.0,93528.0,1038.0,182282.33333333334,163712.85714285713,132030.2142857143,1471877,1.23,88.3122,2414642.0,2950317.5714285714,100853671.0,13744355.0,114598025.0,7.308237028985507,0.9959677536231883,8.304204710144928,104747822.0,9850203.0,4.152102391304348,0.041521023913043485
2021-04-16,217353.0,118302.0,1185.0,200821.33333333334,175910.7142857143,142056.14285714287,1569743,1.2196,87.7969,2421468.0,2818278.5714285714,102927296.0,14378048.0,117305343.0,7.4584997101449275,1.041887536231884,8.500387173913044,107126700.0,10178643.0,4.250193623188406,0.04250193623188406
2021-04-17,234692.0,123354.0,1341.0,217594.66666666666,188669.0,152453.5,1679740,1.2092,87.2277,2383490.0,2699309.1428571427,104950409.0,15020960.0,119971368.0,7.605102101449275,1.0884753623188406,8.693577391304348,109415944.0,10555424.0,4.3467887318840575,0.043467887318840576
2021-04-18,261500.0,138423.0,1501.0,237848.33333333334,204186.2857142857,164471.42857142858,1801316,1.1979,86.6212,1036762.0,2504376.0,105896430.0,15310668.0,121207097.0,7.673654347826087,1.109468695652174,8.783122971014492,110495487.0,10711610.0,4.39156152173913,0.043915615217391304
2021-04-19,273810.0,144178.0,1619.0,256667.33333333334,219171.7142857143,176632.2857142857,1929329,1.1869,86.0038,2935133.0,2392018.1428571427,108178574.0,16278588.0,124457161.0,7.839027101449275,1.1796078260869565,9.018634855072463,113350410.0,11106751.0,4.509317463768117,0.045093174637681165
2021-04-20,259170.0,154761.0,1761.0,264826.6666666667,233090.85714285713,188217.14285714287,2031977,1.1783,85.5591,2596664.0,2404285.0,110165234.0,17263653.0,127428886.0,7.982987971014492,1.250989347826087,9.233977246376812,115913179.0,11515707.0,4.61698865942029,0.0461698865942029
2021-04-21,295041.0,167457.0,2023.0,276007.0,248900.7142857143,201024.64285714287,2157538,1.169,85.0149,1957676.0,2249405.0,111673361.0,17972744.0,129646104.0,8.092272536231885,1.3023727536231884,9.394645217391306,117846188.0,11799916.0,4.697322644927537,0.04697322644927537
2021-04-22,314835.0,178841.0,2104.0,289682.0,265200.14285714284,214456.5,2291428,1.1591,84.4574,2791667.0,2303265.714285714,113584269.0,19170339.0,132754607.0,8.230744130434783,1.3891550000000001,9.619899057971013,120577839.0,12176768.0,4.809949565217391,0.048099495652173904
2021-04-23,332730.0,193279.0,2263.0,314202.0,281682.5714285714,228796.64285714287,2428616,1.1493,83.9179,2573207.0,2324942.714285714,115461202.0,20197122.0,135658323.0,8.366753768115942,1.4635595652173914,9.830313260869564,123151196.0,12507127.0,4.915156666666666,0.04915156666666667
2021-04-24,346786.0,219838.0,2624.0,331450.3333333333,297696.0,243182.5,2552940,1.1411,83.4894,2291227.0,2311762.285714286,117105343.0,21080613.0,138185955.0,8.485894420289855,1.527580652173913,10.013475,125410802.0,12775153.0,5.006737536231883,0.05006737536231883
2021-04-25,349691.0,217113.0,2767.0,343069.0,310294.71428571426,257240.5,2682751,1.1339,83.0482,856974.0,2286078.285714286,117795008.0,21390165.0,139185172.0,8.535870144927536,1.5500119565217392,10.085882028985507,126318327.0,12866845.0,5.042941050724638,0.05042941050724638
2021-04-26,352991.0,219272.0,2812.0,349822.6666666667,321606.28571428574,270389.0,2813658,1.127,82.6214,3068692.0,2305158.1428571427,119886252.0,22638695.0,142524946.0,8.687409565217392,1.6404851449275362,10.32789463768116,129397924.0,13127022.0,5.163947355072464,0.051639473550724645
2021-04-27,323144.0,251827.0,2771.0,341942.0,330745.4285714286,281918.14285714284,2882204,1.1221,82.5355,2236976.0,2253774.1428571427,121263287.0,23615946.0,144879233.0,8.787194710144927,1.7113004347826088,10.498495144927537,131516688.0,13362545.0,5.249247572463768,0.05249247572463769
2021-04-28,360960.0,261162.0,3293.0,345698.3333333333,340162.4285714286,294531.5714285714,2978709,1.1179,82.3312,1917020.0,2247966.1428571427,122538179.0,24515213.0,147053392.0,8.879578188405796,1.7764647101449274,10.656042898550725,133417155.0,13636237.0,5.3280214492753615,0.053280214492753615
2021-04-29,379257.0,269507.0,3645.0,354453.6666666667,349365.5714285714,307282.85714285716,3084814,1.1146,82.0986,1931790.0,2125126.5714285714,123811908.0,25456864.0,149268772.0,8.971877391304348,1.8447002898550724,10.81657768115942,135342722.0,13926050.0,5.40828884057971,0.05408288840579709
2021-04-30,386452.0,297540.0,3498.0,375556.3333333333,357040.14285714284,319361.35714285716,3170228,1.1103,81.9935,2401882.0,2100651.5714285714,125376952.0,26621155.0,151998107.0,9.085286376811593,1.9290692028985506,11.014355579710145,137819464.0,14178643.0,5.5071777898550724,0.05507177789855072
2021-05-01,401993.0,299988.0,3523.0,389234.0,364926.85714285716,331311.4285714286,3268710,1.1054,81.8389,1361612.0,1967849.4285714286,126328970.0,27297355.0,153626325.0,9.154273188405798,1.9780692028985507,11.132342391304348,139256407.0,14369918.0,5.566171195652174,0.05566171195652174
2021-05-02,392488.0,307865.0,3689.0,393644.3333333333,371040.71428571426,340667.71428571426,3349644,1.1021,81.7707,477134.0,1913586.5714285714,126704151.0,27507360.0,154211511.0,9.181460217391304,1.9932869565217393,11.174747173913044,139794494.0,14417017.0,5.587373586956522,0.05587373586956522
2021-05-03,368147.0,300732.0,3417.0,387542.6666666667,373205.85714285716,347406.0714285714,3413642,1.0989,81.7692,1691250.0,1716809.142857143,127696675.0,28385461.0,156082136.0,9.253382246376813,2.0569174637681162,11.310299710144928,141427876.0,14654260.0,5.655149855072464,0.05655149855072464
2021-05-04,357229.0,320289.0,3449.0,372621.3333333333,378075.14285714284,354410.28571428574,3447133,1.0965,81.9081,1468016.0,1606957.7142857143,128627919.0,29122833.0,157750752.0,9.320863695652173,2.1103502173913045,11.431213913043479,142858095.0,14892657.0,5.715606956521739,0.05715606956521739
2021-05-05,382315.0,338439.0,3780.0,369230.3333333333,381125.85714285716,360644.14285714284,3487229,1.0945,82.0305,1940274.0,1610279.7142857143,129730641.0,30200597.0,159931238.0,9.400771086956523,2.1884490579710145,11.589220144927538,144803890.0,15127348.0,5.794610072463769,0.05794610072463769
2021-05-06,412262.0,329113.0,3980.0,383935.3333333333,385840.85714285716,367603.21428571426,3566398,1.092,81.9875,2350858.0,1670146.5714285714,131058890.0,31544713.0,162603603.0,9.497021014492754,2.285848768115942,11.782869782608696,147178689.0,15424914.0,5.891434891304348,0.05891434891304348
2021-05-07,414188.0,331507.0,3915.0,402921.6666666667,389803.14285714284,373421.64285714284,3645164,1.0892,81.9499,2276827.0,1652281.5714285714,132294827.0,32895173.0,165190000.0,9.586581666666667,2.383708188405797,11.970289855072464,149428089.0,15761911.0,5.985144927536233,0.059851449275362324
2021-05-08,401078.0,318609.0,4187.0,409176.0,389672.4285714286,377299.64285714284,3723446,1.0884,81.9039,2007902.0,1744608.7142857143,133366482.0,34127375.0,167493857.0,9.664237826086957,2.472998188405797,12.137236014492753,151298735.0,16195122.0,6.068618007246377,0.06068618007246376
2021-05-09,403738.0,386444.0,4092.0,406334.6666666667,391279.5714285714,381160.14285714284,3736648,1.087,82.154,686913.0,1774577.142857143,133854676.0,34450192.0,168304868.0,9.69961420289855,2.4963907246376813,12.196004927536231,151983853.0,16321015.0,6.098002463768116,0.06098002463768116
2021-05-10,366161.0,353818.0,3754.0,390325.6666666667,390995.85714285716,382100.85714285716,3745237,1.086,82.3879,2487415.0,1888315.0,135192013.0,35906905.0,171098918.0,9.79652268115942,2.6019496376811597,12.398472318840579,154371836.0,16727082.0,6.199236159420289,0.06199236159420289
2021-05-11,329942.0,356082.0,3876.0,366613.6666666667,387097.71428571426,382586.4285714286,3715221,1.0873,82.7543,2427446.0,2025376.4285714286,136557345.0,37305298.0,173862643.0,9.895459782608695,2.7032824637681157,12.598742246376812,156780790.0,17081853.0,6.299371123188406,0.06299371123188406
2021-05-12,348421.0,355338.0,4205.0,348174.6666666667,382255.71428571426,381690.78571428574,3704099,1.0891,83.0414,1881233.0,2016942.0,137805245.0,38240332.0,176045577.0,9.985887318840579,2.771038550724638,12.756925869565217,158585766.0,17459811.0,6.378462934782608,0.06378462934782608
2021-05-13,362727.0,352181.0,4120.0,347030.0,375179.28571428574,380510.0714285714,3710525,1.0898,83.2564,2015945.0,1969097.2857142857,139087590.0,39274256.0,178361846.0,10.078810869565217,2.845960579710145,12.924771449275363,160521617.0,17840229.0,6.462385724637681,0.06462385724637681
2021-05-14,343144.0,344776.0,4000.0,351430.6666666667,365030.14285714284,377416.64285714284,3704893,1.0909,83.5021,1105614.0,1801781.142857143,139861462.0,39784951.0,179646403.0,10.134888550724638,2.882967463768116,13.017855289855074,161558739.0,18087664.0,6.508928007246377,0.06508928007246377
2021-05-15,326098.0,353299.0,3890.0,343989.6666666667,354318.71428571426,371995.5714285714,3673802,1.0922,83.8345,1739312.0,1763411.142857143,141132112.0,40412424.0,181544526.0,10.226964637681158,2.9284365217391306,13.155400434782608,163009216.0,18535310.0,6.577700579710145,0.06577700579710145
2021-05-16,311170.0,362437.0,4077.0,326804.0,341094.71428571426,366187.14285714284,3618458,1.095,84.2459,682304.0,1762752.7142857143,141764335.0,40486671.0,182250996.0,10.272777898550725,2.933816739130435,13.206593913043479,163555521.0,18695475.0,6.60329731884058,0.0660329731884058
2021-05-17,281386.0,378741.0,4106.0,306218.0,328984.0,359989.9285714286,3516997,1.0991,84.8135,1502665.0,1622074.142857143,143090218.0,40726986.0,183817135.0,10.368856376811594,2.9512308695652174,13.32008224637681,164739599.0,19077536.0,6.660043623188406,0.06660043623188405
2021-05-18,263533.0,422436.0,4329.0,285363.0,319497.0,353297.35714285716,3353765,1.1048,85.6019,1305837.0,1461844.2857142857,144270200.0,40921402.0,185191455.0,10.454362318840579,2.9653189855072464,13.419670652173913,165784285.0,19407170.0,6.709840652173913,0.06709840652173912
2021-05-19,267334.0,389851.0,4529.0,270751.0,307913.14285714284,345084.4285714286,3226719,1.1109,86.2334,1158079.0,1358536.5714285714,145333606.0,41076994.0,186410398.0,10.531420724637682,2.976593768115942,13.507999855072464,166740487.0,19669911.0,6.754007246376812,0.06754007246376811
2021-05-20,276110.0,369077.0,3874.0,268992.3333333333,295539.28571428574,335359.28571428574,3129878,1.1141,86.7417,1418069.0,1273125.7142857143,146624652.0,41262233.0,187886639.0,10.624974782608696,2.990016884057971,13.614973840579712,167900451.0,19986188.0,6.807495833333334,0.06807495833333334
2021-05-21,259551.0,357295.0,4209.0,267665.0,283597.4285714286,324313.78571428574,3027925,1.1191,87.2493,1387168.0,1313347.7142857143,147893976.0,41450129.0,189344105.0,10.716954782608695,3.003632536231884,13.720587318840579,169042095.0,20301735.0,6.8602936594202895,0.0686029365942029
2021-05-22,257299.0,357630.0,4194.0,264320.0,273769.0,314043.85714285716,2923400,1.1241,87.7558,1523798.0,1282560.0,149302864.0,41633995.0,190936859.0,10.819048115942028,3.01695615942029,13.836004275362319,170345955.0,20590582.0,6.9180021376811585,0.06918002137681159
2021-05-23,240842.0,355102.0,3741.0,252564.0,263722.14285714284,302408.4285714286,2805399,1.128,88.2976,893707.0,1312760.4285714286,150180408.0,41697052.0,191877460.0,10.882638260869564,3.021525507246377,13.904163768115943,171196318.0,20680782.0,6.952081884057971,0.0695208188405797
2021-05-24,222315.0,302544.0,4454.0,240152.0,255283.42857142858,292133.71428571426,2720716,1.1353,88.6947,2375435.0,1437441.857142857,152439044.0,41874876.0,194313920.0,11.046307536231884,3.034411304347826,14.08071884057971,173380665.0,20932868.0,7.040359420289855,0.07040359420289855
2021-05-25,196427.0,326850.0,3511.0,219861.33333333334,245696.85714285713,282596.9285714286,2586782,1.1401,89.2611,2057581.0,1544833.857142857,154384464.0,42079031.0,196463495.0,11.18728,3.0492051449275364,14.236485144927535,175240154.0,21222896.0,7.118242572463768,0.07118242572463768
2021-05-26,208921.0,295955.0,4157.0,209221.0,237352.14285714287,272632.64285714284,2495591,1.1466,89.6642,1861804.0,1645366.0,156189641.0,42235974.0,198425615.0,11.318089927536231,3.0605778260869565,14.378667753623189,176983511.0,21440904.0,7.189333876811594,0.07189333876811595
2021-05-27,211298.0,283135.0,3847.0,205548.66666666666,228093.2857142857,261816.2857142857,2419907,1.1518,90.0065,2891222.0,1855816.4285714286,159006359.0,42431761.0,201438120.0,11.522199927536231,3.0747652898550726,14.596965217391306,179703057.0,21732409.0,7.298482608695652,0.07298482608695651
2021-05-28,186364.0,259459.0,3660.0,202194.33333333334,217638.0,250617.7142857143,2343152,1.1573,90.3393,3033896.0,2091063.2857142857,161951713.0,42665859.0,204617572.0,11.735631376811593,3.091728913043478,14.827360289855074,182470401.0,22143306.0,7.413680144927535,0.07413680144927536
2021-05-29,173790.0,284601.0,3617.0,190484.0,205708.14285714287,239738.57142857142,2228724,1.1631,90.7995,3022328.0,2305139.0,164804095.0,42992369.0,207796464.0,11.942325724637682,3.1153890579710146,15.057714782608695,185041368.0,22748715.0,7.5288573913043475,0.07528857391304347
2021-05-30,165553.0,276309.0,3460.0,175235.66666666666,194952.57142857142,229337.35714285713,2114508,1.1686,91.2511,1010770.0,2321862.285714286,165823004.0,43084719.0,208907723.0,12.016159710144928,3.1220810869565216,15.13824079710145,185950671.0,22948962.0,7.569120398550725,0.07569120398550724
2021-05-31,152734.0,238022.0,3128.0,164025.66666666666,185012.42857142858,220147.92857142858,2026092,1.1734,91.6029,2759353.0,2376707.714285714,168393525.0,43384966.0,211778491.0,12.202429347826087,3.143838115942029,15.346267463768115,188324712.0,23442881.0,7.673133731884058,0.07673133731884058
2021-06-01,127510.0,255287.0,2795.0,148599.0,175167.14285714287,210432.0,1895520,1.178,92.0944,2388288.0,2423951.5714285714,170640412.0,43674110.0,214314522.0,12.365247246376812,3.164790579710145,15.530037826086957,190396381.0,23905095.0,7.765018913043479,0.07765018913043478
2021-06-02,132788.0,231456.0,3207.0,137677.33333333334,164291.0,200821.57142857142,1793645,1.1838,92.48,2411810.0,2502523.8571428573,172945950.0,43912247.0,216858197.0,12.532315217391304,3.1820468840579705,15.714362101449275,192467399.0,24376613.0,7.857181050724637,0.07857181050724636
2021-06-03,134154.0,211499.0,2887.0,131484.0,153270.42857142858,190681.85714285713,1713413,1.1883,92.7874,2857020.0,2497637.8571428573,175677634.0,44153937.0,219831571.0,12.730263333333333,3.1995606521739135,15.929823985507246,194803940.0,25012565.0,7.964911992753624,0.07964911992753625
2021-06-04,132364.0,207071.0,2713.0,133102.0,145556.14285714287,181597.07142857142,1635993,1.1923,93.0823,3633552.0,2583303.0,179205337.0,44436944.0,223642281.0,12.985893985507246,3.2200684057971016,16.20596239130435,198045267.0,25581498.0,8.102981195652173,0.08102981195652173
2021-06-05,120529.0,197894.0,3380.0,129015.66666666667,137947.42857142858,171827.7857142857,1555248,1.1991,93.3809,3340488.0,2628754.4285714286,182451348.0,44711155.0,227162503.0,13.221112173913044,3.2399387681159424,16.461050942028983,200932620.0,26213604.0,8.230525471014493,0.08230525471014494
2021-06-06,114460.0,189232.0,2677.0,122451.0,130648.42857142857,162800.5,1477799,1.2036,93.6668,1355741.0,2678036.0,183824958.0,44799620.0,228624578.0,13.320649130434784,3.2463492753623187,16.5669984057971,202156935.0,26450908.0,8.283499202898552,0.08283499202898552
2021-06-07,100636.0,174399.0,2427.0,111875.0,123205.85714285714,154109.14285714287,1401609,1.2078,93.944,3320320.0,2758174.1428571427,186933771.0,45129717.0,232063488.0,13.545925434782607,3.2702693478260865,16.816194782608697,205014564.0,27031124.0,8.408097391304347,0.08408097391304346
2021-06-08,86498.0,182282.0,2123.0,100531.33333333333,117347.0,146257.07142857142,1303702,1.2116,94.2924,2732777.0,2807386.8571428573,189503126.0,45449492.0,234952618.0,13.732110579710143,3.2934414492753623,17.02555202898551,207362449.0,27571289.0,8.512776014492754,0.08512776014492754
2021-06-09,92596.0,162664.0,2219.0,93243.33333333333,111605.28571428571,137948.14285714287,1231415,1.2153,94.5514,3348776.0,2941239.1428571427,192669299.0,45770830.0,238440129.0,13.961543405797103,3.3167268115942026,17.278270217391302,210223401.0,28196184.0,8.639135108695653,0.08639135108695653
2021-06-10,94052.0,151367.0,6148.0,91048.66666666667,105876.42857142857,129573.42857142857,1167952,1.2325,94.7654,3251018.0,2997524.5714285714,195747476.0,46099387.0,241846863.0,14.184599710144926,3.3405352898550724,17.525135,213010415.0,28814428.0,8.7625675,0.087625675
2021-06-11,91702.0,134580.0,3403.0,92783.33333333333,100067.57142857143,122811.85714285714,1121671,1.2402,94.9282,3408813.0,2965419.0,198977594.0,46434361.0,245411955.0,14.418666231884059,3.364808768115942,17.783475000000003,215962153.0,29426682.0,8.8917375,0.08891737499999999
2021-06-12,84332.0,121311.0,4002.0,90028.66666666667,94896.57142857143,116422.0,1080690,1.2503,95.0688,3420934.0,2976911.285714286,202207183.0,46825911.0,249033094.0,14.652694420289855,3.393181956521739,18.045876376811595,219032482.0,29975845.0,9.022938188405798,0.09022938188405798
2021-06-13,80834.0,132062.0,3303.0,85622.66666666667,90092.85714285714,110370.64285714286,1026159,1.2581,95.2563,1480133.0,2994681.5714285714,203705131.0,46951231.0,250656362.0,14.761241376811594,3.402263115942029,18.163504492753624,220445754.0,30185294.0,9.081752246376812,0.09081752246376812
2021-06-14,70421.0,119501.0,3921.0,78529.0,85776.42857142857,104491.14285714286,973158,1.2684,95.4339,3807473.0,3064274.8571428573,207274441.0,47378599.0,254653040.0,15.019887028985506,3.4332318115942027,18.45311884057971,223847280.0,30779165.0,9.226559420289854,0.09226559420289854
2021-06-15,60471.0,117525.0,2726.0,70575.33333333333,82058.28571428571,99702.64285714286,913378,1.275,95.6362,2732478.0,3064232.1428571427,209816439.0,47789089.0,257605528.0,15.204089782608696,3.462977463768116,18.66706724637681,226329536.0,31248316.0,9.333533623188405,0.09333533623188404
2021-06-16,62224.0,107628.0,2542.0,64372.0,77719.42857142857,94662.35714285714,865432,1.2809,95.7986,3333096.0,3061992.1428571427,212945352.0,48173116.0,261118468.0,15.430822608695651,3.4908055072463773,18.92162811594203,229393676.0,31695663.0,9.460814057971014,0.09460814057971013
2021-06-17,67208.0,103570.0,2330.0,63301.0,73884.57142857143,89880.5,826740,1.2859,95.9305,3130594.0,3044788.714285714,215944608.0,48592637.0,264537245.0,15.64816,3.5212055797101445,19.169365579710146,232253523.0,32252129.0,9.584682789855073,0.09584682789855073
2021-06-18,62480.0,88977.0,1587.0,63970.666666666664,69710.0,84888.78571428571,798656,1.2885,96.0281,3189834.0,3013506.0,218956863.0,48994708.0,267951571.0,15.866439347826086,3.5503411594202903,19.416780507246376,235151645.0,32765846.0,9.708390253623188,0.09708390253623188
2021-06-19,60753.0,97743.0,1647.0,63480.333333333336,66341.57142857143,80619.07142857143,760019,1.2914,96.1602,3643637.0,3045320.714285714,222316897.0,49516745.0,271833642.0,16.10992007246377,3.588169927536232,19.698089999999997,238552905.0,33243363.0,9.849045,0.09849045000000001
2021-06-20,58419.0,87619.0,1576.0,60550.666666666664,63139.42857142857,76616.14285714286,729243,1.2941,96.2655,2923470.0,3251511.714285714,225211708.0,49806985.0,275018693.0,16.31968898550725,3.609201811594203,19.928890797101452,241530408.0,33448885.0,9.964445398550726,0.09964445398550727
2021-06-21,53256.0,78190.0,1422.0,57476.0,60687.28571428572,73231.85714285714,702887,1.2966,96.3554,8515925.0,3924147.714285714,233288807.0,50602957.0,283891764.0,16.904986014492753,3.6668809420289854,20.57186695652174,249725103.0,34123378.0,10.28593347826087,0.1028593347826087
2021-06-22,42640.0,81839.0,1167.0,51438.333333333336,58140.0,70099.14285714286,662521,1.2986,96.4913,5386951.0,4303358.142857143,238685516.0,51276230.0,289961746.0,17.29605188405797,3.7156688405797103,21.01172072463768,255272448.0,34641890.0,10.50586036231884,0.1050586036231884
2021-06-23,50848.0,68817.0,1358.0,48914.666666666664,56514.857142857145,67117.14285714286,643194,1.301,96.5571,6445768.0,4748025.571428572,244944880.0,51947641.0,296892521.0,17.749628985507247,3.7643218115942028,21.51395079710145,261448717.0,35392947.0,10.756975398550725,0.10756975398550725
2021-06-24,54069.0,68885.0,1321.0,49185.666666666664,54637.857142857145,64261.21428571428,627057,1.303,96.6126,0.0,4300797.857142857,244971176.0,51949098.0,296920274.0,17.751534492753624,3.764427391304348,21.515961884057972,261474207.0,35395210.0,10.757980942028986,0.10757980942028986
2021-06-25,51667.0,64527.0,1329.0,52194.666666666664,53093.142857142855,61401.57142857143,612868,1.3052,96.661,0.0,0.0,0.0,0.0,0.0,0.0,0.0,0.0,,,0.0,0.0
2021-06-26,48698.0,64818.0,1183.0,51478.0,51371.0,58856.28571428572,595565,1.307,96.7198,0.0,0.0,0.0,0.0,0.0,0.0,0.0,0.0,,,0.0,0.0
2021-06-27,50040.0,57944.0,1258.0,50135.0,50174.0,56656.71428571428,586403,1.309,96.7514,0.0,0.0,0.0,0.0,0.0,0.0,0.0,0.0,,,0.0,0.0
2021-06-28,46148.0,58578.0,979.0,48295.333333333336,49158.57142857143,54922.92857142857,572994,1.3102,96.7974,0.0,0.0,0.0,0.0,0.0,0.0,0.0,0.0,,,0.0,0.0
2021-06-29,37566.0,56994.0,907.0,44584.666666666664,48433.71428571428,53286.857142857145,552659,1.3116,96.8655,0.0,0.0,0.0,0.0,0.0,0.0,0.0,0.0,,,0.0,0.0
2021-06-30,45951.0,60729.0,817.0,43221.666666666664,47734.142857142855,52124.5,537064,1.3123,96.9189,0.0,0.0,0.0,0.0,0.0,0.0,0.0,0.0,,,0.0,0.0
2021-07-01,48786.0,61588.0,1005.0,44101.0,46979.42857142857,50808.642857142855,523257,1.3135,96.9659,0.0,0.0,0.0,0.0,0.0,0.0,0.0,0.0,,,0.0,0.0
2021-07-02,46617.0,59384.0,853.0,47118.0,46258.0,49675.57142857143,509637,1.3143,97.0125,0.0,0.0,0.0,0.0,0.0,0.0,0.0,0.0,,,0.0,0.0
2021-07-03,44111.0,57477.0,738.0,46504.666666666664,45602.71428571428,48486.857142857145,495533,1.3148,97.0606,0.0,0.0,0.0,0.0,0.0,0.0,0.0,0.0,,,0.0,0.0
2021-07-04,43071.0,52299.0,955.0,44599.666666666664,44607.142857142855,47390.57142857143,485350,1.3161,97.095,0.0,0.0,0.0,0.0,0.0,0.0,0.0,0.0,,,0.0,0.0
2021-07-05,39796.0,42352.0,723.0,42326.0,43699.71428571428,46429.142857142855,482071,1.3167,97.1071,0.0,0.0,0.0,0.0,0.0,0.0,0.0,0.0,,,0.0,0.0
2021-07-06,34703.0,51864.0,553.0,39190.0,43290.71428571428,45862.21428571428,464357,1.3171,97.1664,0.0,0.0,0.0,0.0,0.0,0.0,0.0,0.0,,,0.0,0.0
2021-07-07,43733.0,47240.0,930.0,39410.666666666664,42973.857142857145,45354.0,459920,1.3182,97.1819,0.0,0.0,0.0,0.0,0.0,0.0,0.0,0.0,,,0.0,0.0
2021-07-08,45892.0,44291.0,817.0,41442.666666666664,42560.42857142857,44769.92857142857,460704,1.3189,97.1809,0.0,0.0,0.0,0.0,0.0,0.0,0.0,0.0,,,0.0,0.0
2021-07-09,43393.0,44459.0,911.0,44339.333333333336,42099.857142857145,44178.92857142857,458727,1.32,97.1883,0.0,0.0,0.0,0.0,0.0,0.0,0.0,0.0,,,0.0,0.0
2021-07-10,42766.0,45254.0,1206.0,44017.0,41907.71428571428,43755.21428571428,455033,1.3221,97.2003,0.0,0.0,0.0,0.0,0.0,0.0,0.0,0.0,,,0.0,0.0
2021-07-11,41506.0,41526.0,895.0,42555.0,41684.142857142855,43145.642857142855,454118,1.3232,97.2042,0.0,0.0,0.0,0.0,0.0,0.0,0.0,0.0,,,0.0,0.0
2021-07-12,37154.0,39649.0,724.0,40475.333333333336,41306.71428571428,42503.21428571428,450899,1.324,97.2156,0.0,0.0,0.0,0.0,0.0,0.0,0.0,0.0,,,0.0,0.0
2021-07-13,32906.0,49007.0,2020.0,37188.666666666664,41050.0,42170.357142857145,432778,1.3291,97.2707,0.0,0.0,0.0,0.0,0.0,0.0,0.0,0.0,,,0.0,0.0
2021-07-14,38792.0,41000.0,624.0,36284.0,40344.142857142855,41659.0,429946,1.3294,97.2812,0.0,0.0,0.0,0.0,0.0,0.0,0.0,0.0,,,0.0,0.0
2021-07-15,41806.0,39130.0,581.0,37834.666666666664,39760.42857142857,41160.42857142857,432041,1.3295,97.2763,0.0,0.0,0.0,0.0,0.0,0.0,0.0,0.0,,,0.0,0.0
2021-07-16,38949.0,40026.0,542.0,39849.0,39125.57142857143,40612.71428571428,430422,1.3296,97.2831,0.0,0.0,0.0,0.0,0.0,0.0,0.0,0.0,,,0.0,0.0
2021-07-17,38079.0,43916.0,560.0,39611.333333333336,38456.0,40181.857142857145,424025,1.3298,97.3053,0.0,0.0,0.0,0.0,0.0,0.0,0.0,0.0,,,0.0,0.0
2021-07-18,41157.0,42004.0,518.0,39395.0,38406.142857142855,40045.142857142855,422660,1.3297,97.3116,0.0,0.0,0.0,0.0,0.0,0.0,0.0,0.0,,,0.0,0.0
2021-07-19,38164.0,38660.0,499.0,39133.333333333336,38550.42857142857,39928.57142857143,421665,1.3296,97.3164,0.0,0.0,0.0,0.0,0.0,0.0,0.0,0.0,,,0.0,0.0
2021-07-20,30093.0,45254.0,374.0,36471.333333333336,38148.57142857143,39599.28571428572,406130,1.3296,97.3677,0.0,0.0,0.0,0.0,0.0,0.0,0.0,0.0,,,0.0,0.0
2021-07-21,42015.0,36977.0,3998.0,36757.333333333336,38609.0,39476.57142857143,407170,1.3406,97.3551,0.0,0.0,0.0,0.0,0.0,0.0,0.0,0.0,,,0.0,0.0
2021-07-22,41383.0,38652.0,507.0,37830.333333333336,38548.57142857143,39154.5,409394,1.3404,97.3498,0.0,0.0,0.0,0.0,0.0,0.0,0.0,0.0,,,0.0,0.0
2021-07-23,35342.0,38740.0,483.0,39580.0,38033.28571428572,38579.42857142857,405513,1.3405,97.3637,0.0,0.0,0.0,0.0,0.0,0.0,0.0,0.0,,,0.0,0.0
2021-07-24,39097.0,35087.0,546.0,38607.333333333336,38178.71428571428,38317.357142857145,408977,1.3405,97.3542,0.0,0.0,0.0,0.0,0.0,0.0,0.0,0.0,,,0.0,0.0
2021-07-25,39742.0,39972.0,535.0,38060.333333333336,37976.57142857143,38191.357142857145,408212,1.3405,97.3583,0.0,0.0,0.0,0.0,0.0,0.0,0.0,0.0,,,0.0,0.0
2021-07-26,39361.0,35968.0,416.0,39400.0,38147.57142857143,38349.0,411189,1.3402,97.3508,0.0,0.0,0.0,0.0,0.0,0.0,0.0,0.0,,,0.0,0.0
2021-07-27,29689.0,42363.0,415.0,36264.0,38089.857142857145,38119.21428571428,398100,1.3402,97.3936,0.0,0.0,0.0,0.0,0.0,0.0,0.0,0.0,,,0.0,0.0
2021-07-28,43654.0,41678.0,640.0,37568.0,38324.0,38466.5,399436,1.3404,97.3909,0.0,0.0,0.0,0.0,0.0,0.0,0.0,0.0,,,0.0,0.0
2021-07-29,43509.0,38465.0,640.0,38950.666666666664,38627.71428571428,38588.142857142855,403840,1.3406,97.3785,0.0,0.0,0.0,0.0,0.0,0.0,0.0,0.0,,,0.0,0.0
2021-07-30,44230.0,42360.0,555.0,43797.666666666664,39897.42857142857,38965.357142857145,405155,1.3405,97.3763,0.0,0.0,0.0,0.0,0.0,0.0,0.0,0.0,,,0.0,0.0
2021-07-31,41649.0,37291.0,593.0,43129.333333333336,40262.0,39220.357142857145,408920,1.3406,97.3659,0.0,0.0,0.0,0.0,0.0,0.0,0.0,0.0,,,0.0,0.0
2021-08-01,41831.0,39258.0,541.0,42570.0,40560.42857142857,39268.5,410952,1.3405,97.3613,0.0,0.0,0.0,0.0,0.0,0.0,0.0,0.0,,,0.0,0.0
2021-08-02,40134.0,36946.0,422.0,41204.666666666664,40670.857142857145,39409.21428571428,413718,1.3401,97.3546,0.0,0.0,0.0,0.0,0.0,0.0,0.0,0.0,,,0.0,0.0
2021-08-03,30549.0,38887.0,422.0,37504.666666666664,40793.71428571428,39441.78571428572,404958,1.3402,97.3834,0.0,0.0,0.0,0.0,0.0,0.0,0.0,0.0,,,0.0,0.0
2021-08-04,42625.0,36668.0,562.0,37769.333333333336,40646.71428571428,39485.357142857145,410353,1.3402,97.3682,0.0,0.0,0.0,0.0,0.0,0.0,0.0,0.0,,,0.0,0.0
2021-08-05,42982.0,41726.0,533.0,38718.666666666664,40571.42857142857,39599.57142857143,411076,1.34,97.3678,0.0,0.0,0.0,0.0,0.0,0.0,0.0,0.0,,,0.0,0.0
2021-08-06,44643.0,41096.0,464.0,43416.666666666664,40630.42857142857,40263.92857142857,414159,1.3396,97.3603,0.0,0.0,0.0,0.0,0.0,0.0,0.0,0.0,,,0.0,0.0
2021-08-07,38628.0,40017.0,617.0,42084.333333333336,40198.857142857145,40230.42857142857,412153,1.3399,97.3679,0.0,0.0,0.0,0.0,0.0,0.0,0.0,0.0,,,0.0,0.0
2021-08-08,39070.0,43910.0,491.0,40780.333333333336,39804.42857142857,40182.42857142857,406822,1.3398,97.3863,0.0,0.0,0.0,0.0,0.0,0.0,0.0,0.0,,,0.0,0.0
2021-08-09,35499.0,39686.0,447.0,37732.333333333336,39142.28571428572,39906.57142857143,402188,1.3397,97.4023,0.0,0.0,0.0,0.0,0.0,0.0,0.0,0.0,,,0.0,0.0
2021-08-10,28204.0,41511.0,373.0,34257.666666666664,38807.28571428572,39800.5,388508,1.3397,97.4461,0.0,0.0,0.0,0.0,0.0,0.0,0.0,0.0,,,0.0,0.0
2021-08-11,38353.0,40013.0,497.0,34018.666666666664,38197.0,39421.857142857145,386351,1.3397,97.4544,0.0,0.0,0.0,0.0,0.0,0.0,0.0,0.0,,,0.0,0.0
